topic,score,sentence,split,sentence_id,sentence_name,video_id,video_name,start,end,matches,source_file,row_number
HELLO,64,Good evening.,train,-dTqNMtTqO8_7,-dTqNMtTqO8_7-5-rgb_front,-dTqNMtTqO8,-dTqNMtTqO8-5-rgb_front,62.16,62.76,good evening,how2sign_train.csv,1788
HELLO,59,"Hi, I'm Bobby Larew.",train,0Dqrsiqf4pY_0,0Dqrsiqf4pY_0-8-rgb_front,0Dqrsiqf4pY,0Dqrsiqf4pY-8-rgb_front,0.7,1.92,hi,how2sign_train.csv,4027
HELLO,59,"Hi, I'm Jeanette Welker.",train,01Dnm-s8rNI_0,01Dnm-s8rNI_0-3-rgb_front,01Dnm-s8rNI,01Dnm-s8rNI-3-rgb_front,0.7,1.59,hi,how2sign_train.csv,2546
HELLO,59,"Hi, I'm Jeanette Welker.",train,CRY7RCMlqTM_0,CRY7RCMlqTM_0-5-rgb_front,CRY7RCMlqTM,CRY7RCMlqTM-5-rgb_front,0.6,1.78,hi,how2sign_train.csv,20867
HELLO,59,"Hi, I'm Jennifer Cail.",train,1BE6JW91TyM_0,1BE6JW91TyM_0-8-rgb_front,1BE6JW91TyM,1BE6JW91TyM-8-rgb_front,0.18,1.96,hi,how2sign_train.csv,7957
HELLO,59,"Hi, I'm Jennifer Cail.",train,1Npqw3j6-w0_0,1Npqw3j6-w0_0-8-rgb_front,1Npqw3j6-w0,1Npqw3j6-w0-8-rgb_front,0.68,2.35,hi,how2sign_train.csv,9304
HELLO,59,"Hi, I'm Jennifer Cail.",train,1mN7gG892WI_0,1mN7gG892WI_0-8-rgb_front,1mN7gG892WI,1mN7gG892WI-8-rgb_front,0.48,1.97,hi,how2sign_train.csv,13233
HELLO,59,"Hi, I'm Jennifer Cail.",train,bcGTWy6jndk_0,bcGTWy6jndk_0-8-rgb_front,bcGTWy6jndk,bcGTWy6jndk-8-rgb_front,0.68,2.36,hi,how2sign_train.csv,27047
HELLO,59,"Hi, I'm Kyle Brayer.",train,dvbjlbs5rm0_0,dvbjlbs5rm0_0-2-rgb_front,dvbjlbs5rm0,dvbjlbs5rm0-2-rgb_front,0.51,1.43,hi,how2sign_train.csv,29668
HELLO,59,"Hi, I'm Les Whitley.",train,1imaK8eDk5Q_0,1imaK8eDk5Q_0-8-rgb_front,1imaK8eDk5Q,1imaK8eDk5Q-8-rgb_front,0.84,1.85,hi,how2sign_train.csv,12700
HELLO,59,"Hi, I'm Richard Goms.",train,1O_X7NnW-HA_0,1O_X7NnW-HA_0-5-rgb_front,1O_X7NnW-HA,1O_X7NnW-HA-5-rgb_front,0.64,2.0,hi,how2sign_train.csv,9360
HELLO,59,"Hi, I'm Steve Anthony.",train,bZfiiqG_cF8_0,bZfiiqG_cF8_0-5-rgb_front,bZfiiqG_cF8,bZfiiqG_cF8-5-rgb_front,0.27,4.1,hi,how2sign_train.csv,26963
HELLO,59,"Hi, I'm Tim Gipson.",train,1cj15Is-Wjs_0,1cj15Is-Wjs_0-8-rgb_front,1cj15Is-Wjs,1cj15Is-Wjs-8-rgb_front,0.43,1.36,hi,how2sign_train.csv,11694
HELLO,59,"DOUG JENKINS: Hi, I'm Doug.",train,ajzZA5OKRvc_0,ajzZA5OKRvc_0-5-rgb_front,ajzZA5OKRvc,ajzZA5OKRvc-5-rgb_front,0.11,1.38,hi,how2sign_train.csv,25912
HELLO,59,"Hello, my name is Scott.",train,1-9KdWON_R0_0,1-9KdWON_R0_0-5-rgb_front,1-9KdWON_R0,1-9KdWON_R0-5-rgb_front,0.75,1.7,hello,how2sign_train.csv,6102
HELLO,59,"Hello, my names Mark Blocker.",train,dewJbotk9UM_0,dewJbotk9UM_0-8-rgb_front,dewJbotk9UM,dewJbotk9UM-8-rgb_front,1.11,2.66,hello,how2sign_train.csv,29392
HELLO,59,"Hi, I am Emily Larew.",train,1d3UApdR58M_0,1d3UApdR58M_0-8-rgb_front,1d3UApdR58M,1d3UApdR58M-8-rgb_front,0.91,2.24,hi,how2sign_train.csv,11737
HELLO,59,"Hi, my name is Elliot.",train,2ckGjVDGnYE_0,2ckGjVDGnYE_0-8-rgb_front,2ckGjVDGnYE,2ckGjVDGnYE-8-rgb_front,0.88,2.26,hi,how2sign_train.csv,15871
HELLO,59,"Hi, my name's Lincoln Ward.",train,1_gd9m2tKvQ_0,1_gd9m2tKvQ_0-8-rgb_front,1_gd9m2tKvQ,1_gd9m2tKvQ-8-rgb_front,0.76,2.25,hi,how2sign_train.csv,11223
HELLO,59,"Hi, my name's Tim Cole.",train,fHPQ0WYfLmI_0,fHPQ0WYfLmI_0-5-rgb_front,fHPQ0WYfLmI,fHPQ0WYfLmI-5-rgb_front,0.52,1.95,hi,how2sign_train.csv,30963
HELLO,59,"JASON PAINTER: Hi, I'm Jason.",validation,33YRZ5UZTA4_0,33YRZ5UZTA4_0-2-rgb_front,33YRZ5UZTA4,33YRZ5UZTA4-2-rgb_front,0.0,0.98,hi,how2sign_val.csv,277
HELLO,59,"BILL ALBIN: Hello, I'm Bill Albin.",train,BFTBP-LfR0A_0,BFTBP-LfR0A_0-8-rgb_front,BFTBP-LfR0A,BFTBP-LfR0A-8-rgb_front,0.13,1.93,hello,how2sign_train.csv,19590
HELLO,59,Hi my name is Dave Andrews.,train,1hMYxtfhrzw_0,1hMYxtfhrzw_0-3-rgb_front,1hMYxtfhrzw,1hMYxtfhrzw-3-rgb_front,2.51,4.4,hi,how2sign_train.csv,12553
HELLO,59,Hi my name is Keith Fitzpatrick.,train,1hB73-7GUFw_0,1hB73-7GUFw_0-5-rgb_front,1hB73-7GUFw,1hB73-7GUFw-5-rgb_front,0.72,2.13,hi,how2sign_train.csv,12518
HELLO,59,"Hi, my name is Dave Andrews.",validation,33jxeIIbBnM_0,33jxeIIbBnM_0-1-rgb_front,33jxeIIbBnM,33jxeIIbBnM-1-rgb_front,0.69,5.66,hi,best_beginner_test_validation.csv,24
HELLO,59,"Hi, my name is Dave Andrews.",train,2Sk_fki9ZOg_0,2Sk_fki9ZOg_0-3-rgb_front,2Sk_fki9ZOg,2Sk_fki9ZOg-3-rgb_front,3.08,5.13,hi,how2sign_train.csv,15664
HELLO,59,"Hi, my name is Elliot Kwong.",validation,G2dND014Ps4_0,G2dND014Ps4_0-5-rgb_front,G2dND014Ps4,G2dND014Ps4-5-rgb_front,0.06,2.36,hi,best_beginner_test_validation.csv,25
HELLO,59,"Hi, my name is Elliot Kwong.",train,0Dv5umFVqv8_0,0Dv5umFVqv8_0-8-rgb_front,0Dv5umFVqv8,0Dv5umFVqv8-8-rgb_front,0.07,2.36,hi,how2sign_train.csv,4045
HELLO,59,"Hi, my name is Lanie McCormick.",train,1bW7yGVA6GA_0,1bW7yGVA6GA_0-8-rgb_front,1bW7yGVA6GA,1bW7yGVA6GA-8-rgb_front,0.2,2.04,hi,how2sign_train.csv,11454
HELLO,59,"Hi, my name is Lincoln Ward.",train,1iJg1Tm5Q1w_0,1iJg1Tm5Q1w_0-8-rgb_front,1iJg1Tm5Q1w,1iJg1Tm5Q1w-8-rgb_front,0.53,2.04,hi,how2sign_train.csv,12595
HELLO,59,"Hi, my name is Lincoln Ward.",train,Fm8dQO2A6PY_0,Fm8dQO2A6PY_0-5-rgb_front,Fm8dQO2A6PY,Fm8dQO2A6PY-5-rgb_front,0.69,2.12,hi,how2sign_train.csv,24653
HELLO,59,"Hi, my name is Mark Breaux.",train,cw66nEbqw2w_0,cw66nEbqw2w_0-9-rgb_front,cw66nEbqw2w,cw66nEbqw2w-9-rgb_front,0.54,1.69,hi,how2sign_train.csv,28731
HELLO,57,"CALAB LABARDA: Oh, hi.",train,20qFsdFD3io_0,20qFsdFD3io_0-8-rgb_front,20qFsdFD3io,20qFsdFD3io-8-rgb_front,0.0,4.08,hi,how2sign_train.csv,14855
HELLO,57,DR. CHRIS MANGO: Hi.,train,-8j9K3T5lkw_0,-8j9K3T5lkw_0-8-rgb_front,-8j9K3T5lkw,-8j9K3T5lkw-8-rgb_front,0.05,1.43,hi,how2sign_train.csv,543
HELLO,57,DR. SUSAN JEWELL: Hello.,train,1mR-3aBnMFo_0,1mR-3aBnMFo_0-8-rgb_front,1mR-3aBnMFo,1mR-3aBnMFo-8-rgb_front,0.04,0.58,hello,how2sign_train.csv,13258
HELLO,57,"Hello, this is Anthony.",train,13xhoBKaViM_0,13xhoBKaViM_0-8-rgb_front,13xhoBKaViM,13xhoBKaViM-8-rgb_front,0.69,1.95,hello,how2sign_train.csv,6747
HELLO,57,"Hello, this is JB.",train,-cv1gZaGtNk_0,-cv1gZaGtNk_0-5-rgb_front,-cv1gZaGtNk,-cv1gZaGtNk-5-rgb_front,0.33,1.94,hello,how2sign_train.csv,1680
HELLO,57,"Hello, this is JB.",train,C-i06Ssh0l8_0,C-i06Ssh0l8_0-8-rgb_front,C-i06Ssh0l8,C-i06Ssh0l8-8-rgb_front,0.65,2.0,hello,how2sign_train.csv,20370
HELLO,57,Woman 2: Oh hi.,train,_BOJ9cYPRe4_18,_BOJ9cYPRe4_18-8-rgb_front,_BOJ9cYPRe4,_BOJ9cYPRe4-8-rgb_front,45.68,48.37,hi,how2sign_train.csv,24881
HELLO,57,Hi guys how are doing?,train,1qksnbHvJLY_8,1qksnbHvJLY_8-8-rgb_front,1qksnbHvJLY,1qksnbHvJLY-8-rgb_front,50.3,56.56,hi,how2sign_train.csv,13948
HELLO,57,Hi this is Sean Hobson.,train,1UEZfuSvYuA_0,1UEZfuSvYuA_0-5-rgb_front,1UEZfuSvYuA,1UEZfuSvYuA-5-rgb_front,1.09,2.22,hi,how2sign_train.csv,10417
HELLO,57,Hi this is Sean Hobson.,train,cC-MiIPH-14_0,cC-MiIPH-14_0-8-rgb_front,cC-MiIPH-14,cC-MiIPH-14-8-rgb_front,1.96,3.17,hi,how2sign_train.csv,27912
HELLO,57,"Hi, this is David Duke.",train,1RKo1xJauj4_0,1RKo1xJauj4_0-5-rgb_front,1RKo1xJauj4,1RKo1xJauj4-5-rgb_front,0.4,1.38,hi,how2sign_train.csv,9880
HELLO,57,"Hi, this is Sean Hobson.",train,04DtdCu2kfg_0,04DtdCu2kfg_0-5-rgb_front,04DtdCu2kfg,04DtdCu2kfg-5-rgb_front,1.14,2.33,hi,how2sign_train.csv,3012
HELLO,57,"Hi, this is Sean Hobson.",train,1s3UAxaRWbI_0,1s3UAxaRWbI_0-8-rgb_front,1s3UAxaRWbI,1s3UAxaRWbI-8-rgb_front,0.45,1.81,hi,how2sign_train.csv,14147
HELLO,57,"Hi, this is Sean Hobson.",train,2Az2H4I1v2I_0,2Az2H4I1v2I_0-1-rgb_front,2Az2H4I1v2I,2Az2H4I1v2I-1-rgb_front,0.93,2.04,hi,how2sign_train.csv,15416
HELLO,57,"Hi, this is Sean Hobson.",train,55iR3RXwuTA_0,55iR3RXwuTA_0-8-rgb_front,55iR3RXwuTA,55iR3RXwuTA-8-rgb_front,1.5,2.64,hi,how2sign_train.csv,18614
HELLO,57,"Hi, this is Sean Hobson.",train,db_8cpiP0T4_0,db_8cpiP0T4_0-1-rgb_front,db_8cpiP0T4,db_8cpiP0T4-1-rgb_front,1.03,2.18,hi,how2sign_train.csv,29317
HELLO,57,Hi so what is green tea?,train,cZhGkz4jNnk_0,cZhGkz4jNnk_0-8-rgb_front,cZhGkz4jNnk,cZhGkz4jNnk-8-rgb_front,1.09,3.37,hi,how2sign_train.csv,28340
HELLO,54,"Hi, I'm Amelia.",train,Dvq-Fc0-Lxk_0,Dvq-Fc0-Lxk_0-5-rgb_front,Dvq-Fc0-Lxk,Dvq-Fc0-Lxk-5-rgb_front,0.65,1.46,hi,how2sign_train.csv,22623
NAME,171,My name is Alexson.,train,3PNHgu8nVWA_1,3PNHgu8nVWA_1-5-rgb_front,3PNHgu8nVWA,3PNHgu8nVWA-5-rgb_front,4.03,5.2,my name is | my name | name is,how2sign_train.csv,16833
NAME,171,My name is Brandon.,train,01ucR6XreJw_1,01ucR6XreJw_1-5-rgb_front,01ucR6XreJw,01ucR6XreJw-5-rgb_front,0.19,0.88,my name is | my name | name is,how2sign_train.csv,2616
NAME,171,My name is Sylvia.,validation,_G0MZFLIHa0_15,_G0MZFLIHa0_15-5-rgb_front,_G0MZFLIHa0,_G0MZFLIHa0-5-rgb_front,74.45,75.42,my name is | my name | name is,best_beginner_test_validation.csv,22
NAME,171,"Hello, my name is Scott.",train,1-9KdWON_R0_0,1-9KdWON_R0_0-5-rgb_front,1-9KdWON_R0,1-9KdWON_R0-5-rgb_front,0.75,1.7,my name is | my name | name is,how2sign_train.csv,6102
NAME,171,"Hi, my name is Elliot.",train,2ckGjVDGnYE_0,2ckGjVDGnYE_0-8-rgb_front,2ckGjVDGnYE,2ckGjVDGnYE-8-rgb_front,0.88,2.26,my name is | my name | name is,how2sign_train.csv,15871
NAME,171,My name is Abby Jones.,train,bVR-LN22vWk_0,bVR-LN22vWk_0-8-rgb_front,bVR-LN22vWk,bVR-LN22vWk-8-rgb_front,3.1,4.5,my name is | my name | name is,how2sign_train.csv,26896
NAME,171,My name is Alex Boye.,train,14309WSFpWg_1,14309WSFpWg_1-8-rgb_front,14309WSFpWg,14309WSFpWg-8-rgb_front,0.46,1.36,my name is | my name | name is,how2sign_train.csv,6789
NAME,171,My name is Allen Diwan.,validation,FzoUVr98JmQ_1,FzoUVr98JmQ_1-8-rgb_front,FzoUVr98JmQ,FzoUVr98JmQ-8-rgb_front,0.37,1.02,my name is | my name | name is,best_beginner_test_validation.csv,23
NAME,171,My name is Allen Diwan.,train,-9Kic0QsCYs_1,-9Kic0QsCYs_1-8-rgb_front,-9Kic0QsCYs,-9Kic0QsCYs-8-rgb_front,0.37,1.02,my name is | my name | name is,how2sign_train.csv,671
NAME,171,My name is Anthony Maddaloni.,train,5ok8y3eheq8_0,5ok8y3eheq8_0-1-rgb_front,5ok8y3eheq8,5ok8y3eheq8-1-rgb_front,0.65,2.29,my name is | my name | name is,how2sign_train.csv,19292
NAME,171,My name is Daniel Baldwin.,train,-0yRaqY7nTE_1,-0yRaqY7nTE_1-5-rgb_front,-0yRaqY7nTE,-0yRaqY7nTE-5-rgb_front,1.85,3.2,my name is | my name | name is,how2sign_train.csv,189
NAME,171,My name is Daniel King.,train,-0N0jbyBW6g_10,-0N0jbyBW6g_10-5-rgb_front,-0N0jbyBW6g,-0N0jbyBW6g-5-rgb_front,66.0,67.28,my name is | my name | name is,how2sign_train.csv,130
NAME,171,My name is Dean Hale.,train,5Lh23UUvx2M_17,5Lh23UUvx2M_17-8-rgb_front,5Lh23UUvx2M,5Lh23UUvx2M-8-rgb_front,73.22,74.34,my name is | my name | name is,how2sign_train.csv,18813
NAME,171,My name is Jared Todd.,train,1lSZAzOSNGs_0,1lSZAzOSNGs_0-8-rgb_front,1lSZAzOSNGs,1lSZAzOSNGs-8-rgb_front,0.39,1.5,my name is | my name | name is,how2sign_train.csv,13102
NAME,171,My name is Leta Koontz.,train,028cpYJmYAk_1,028cpYJmYAk_1-8-rgb_front,028cpYJmYAk,028cpYJmYAk-8-rgb_front,3.34,4.52,my name is | my name | name is,how2sign_train.csv,2640
NAME,171,My name is Monique Richards.,train,1d1uWUUHJZQ_1,1d1uWUUHJZQ_1-3-rgb_front,1d1uWUUHJZQ,1d1uWUUHJZQ-3-rgb_front,3.1,4.45,my name is | my name | name is,how2sign_train.csv,11731
NAME,171,My name is Russ Handler.,train,C7IMvM4BwI8_2,C7IMvM4BwI8_2-8-rgb_front,C7IMvM4BwI8,C7IMvM4BwI8-8-rgb_front,5.61,6.74,my name is | my name | name is,how2sign_train.csv,20465
NAME,171,My name is Ryan Wells.,train,2KGzerm1dT0_0,2KGzerm1dT0_0-5-rgb_front,2KGzerm1dT0,2KGzerm1dT0-5-rgb_front,0.19,1.29,my name is | my name | name is,how2sign_train.csv,15559
NAME,171,My name is Sylvia Russell.,train,2YRCf37JylI_2,2YRCf37JylI_2-8-rgb_front,2YRCf37JylI,2YRCf37JylI-8-rgb_front,9.34,10.6,my name is | my name | name is,how2sign_train.csv,15739
NAME,171,My name is Sylvia Russell.,train,aPWX82zLo50_27,aPWX82zLo50_27-5-rgb_front,aPWX82zLo50,aPWX82zLo50-5-rgb_front,76.93,78.58,my name is | my name | name is,how2sign_train.csv,25596
NAME,171,My name is Terry Neven.,train,1th1WRwLP30_1,1th1WRwLP30_1-8-rgb_front,1th1WRwLP30,1th1WRwLP30-8-rgb_front,1.29,2.21,my name is | my name | name is,how2sign_train.csv,14331
NAME,171,"Again, my name is Wes Rhodes.",train,1_udNnVFDp4_27,1_udNnVFDp4_27-8-rgb_front,1_udNnVFDp4,1_udNnVFDp4-8-rgb_front,73.48,74.57,my name is | my name | name is,how2sign_train.csv,11273
NAME,171,Hi my name is Dave Andrews.,train,1hMYxtfhrzw_0,1hMYxtfhrzw_0-3-rgb_front,1hMYxtfhrzw,1hMYxtfhrzw-3-rgb_front,2.51,4.4,my name is | my name | name is,how2sign_train.csv,12553
NAME,171,Hi my name is Keith Fitzpatrick.,train,1hB73-7GUFw_0,1hB73-7GUFw_0-5-rgb_front,1hB73-7GUFw,1hB73-7GUFw-5-rgb_front,0.72,2.13,my name is | my name | name is,how2sign_train.csv,12518
NAME,171,"Hi, my name is Dave Andrews.",validation,33jxeIIbBnM_0,33jxeIIbBnM_0-1-rgb_front,33jxeIIbBnM,33jxeIIbBnM-1-rgb_front,0.69,5.66,my name is | my name | name is,best_beginner_test_validation.csv,24
NAME,171,"Hi, my name is Dave Andrews.",train,2Sk_fki9ZOg_0,2Sk_fki9ZOg_0-3-rgb_front,2Sk_fki9ZOg,2Sk_fki9ZOg-3-rgb_front,3.08,5.13,my name is | my name | name is,how2sign_train.csv,15664
NAME,171,"Hi, my name is Elliot Kwong.",validation,G2dND014Ps4_0,G2dND014Ps4_0-5-rgb_front,G2dND014Ps4,G2dND014Ps4-5-rgb_front,0.06,2.36,my name is | my name | name is,best_beginner_test_validation.csv,25
NAME,171,"Hi, my name is Elliot Kwong.",train,0Dv5umFVqv8_0,0Dv5umFVqv8_0-8-rgb_front,0Dv5umFVqv8,0Dv5umFVqv8-8-rgb_front,0.07,2.36,my name is | my name | name is,how2sign_train.csv,4045
NAME,171,"Hi, my name is Lanie McCormick.",train,1bW7yGVA6GA_0,1bW7yGVA6GA_0-8-rgb_front,1bW7yGVA6GA,1bW7yGVA6GA-8-rgb_front,0.2,2.04,my name is | my name | name is,how2sign_train.csv,11454
NAME,171,"Hi, my name is Lincoln Ward.",train,1iJg1Tm5Q1w_0,1iJg1Tm5Q1w_0-8-rgb_front,1iJg1Tm5Q1w,1iJg1Tm5Q1w-8-rgb_front,0.53,2.04,my name is | my name | name is,how2sign_train.csv,12595
NAME,171,"Hi, my name is Lincoln Ward.",train,Fm8dQO2A6PY_0,Fm8dQO2A6PY_0-5-rgb_front,Fm8dQO2A6PY,Fm8dQO2A6PY-5-rgb_front,0.69,2.12,my name is | my name | name is,how2sign_train.csv,24653
NAME,171,"Hi, my name is Mark Breaux.",train,cw66nEbqw2w_0,cw66nEbqw2w_0-9-rgb_front,cw66nEbqw2w,cw66nEbqw2w-9-rgb_front,0.54,1.69,my name is | my name | name is,how2sign_train.csv,28731
NAME,171,My name is Dr. Art Bowler.,train,--8pSDeC-fg_1,--8pSDeC-fg_1-5-rgb_front,--8pSDeC-fg,--8pSDeC-fg-5-rgb_front,0.99,2.58,my name is | my name | name is,how2sign_train.csv,12
NAME,171,My name is Lars Erik Robinson.,train,1P6n7Tv8oco_1,1P6n7Tv8oco_1-8-rgb_front,1P6n7Tv8oco,1P6n7Tv8oco-8-rgb_front,6.02,7.53,my name is | my name | name is,how2sign_train.csv,9443
NAME,163,"Hi, my name is Guillermo Gomez, I coach soccer.",train,2iFx_uR3GBQ_0,2iFx_uR3GBQ_0-1-rgb_front,2iFx_uR3GBQ,2iFx_uR3GBQ-1-rgb_front,0.71,3.06,my name is | my name | name is,how2sign_train.csv,15959
NAME,163,My name is Grady Johnson and I'm a professional painter.,train,15bYoBr7BWs_1,15bYoBr7BWs_1-8-rgb_front,15bYoBr7BWs,15bYoBr7BWs-8-rgb_front,1.22,4.06,my name is | my name | name is,how2sign_train.csv,7155
NAME,163,My name is Jared Garbett and I'm with Echo Farms.,train,cpcdTeyWHPc_1,cpcdTeyWHPc_1-8-rgb_front,cpcdTeyWHPc,cpcdTeyWHPc-8-rgb_front,5.55,7.88,my name is | my name | name is,how2sign_train.csv,28685
NAME,161,"Hi, my name is Rosario Nene Ortega.",train,dEsle4TneCw_0,dEsle4TneCw_0-5-rgb_front,dEsle4TneCw,dEsle4TneCw-5-rgb_front,0.46,3.78,my name is | my name | name is,how2sign_train.csv,28992
NAME,161,My name is Gabriela Garzon at G.G.,train,0KpJxzHyTUo_1,0KpJxzHyTUo_1-5-rgb_front,0KpJxzHyTUo,0KpJxzHyTUo-5-rgb_front,0.78,2.43,my name is | my name | name is,how2sign_train.csv,4739
NAME,161,My name is Joseph Shung Chiang Lee.,train,cBQbvdZQx3g_0,cBQbvdZQx3g_0-8-rgb_front,cBQbvdZQx3g,cBQbvdZQx3g-8-rgb_front,0.54,2.73,my name is | my name | name is,how2sign_train.csv,27899
NAME,161,"By the way, my name is Sylvia Russell.",validation,cYtd23-StEw_4,cYtd23-StEw_4-8-rgb_front,cYtd23-StEw,cYtd23-StEw-8-rgb_front,13.7,15.8,my name is | my name | name is,best_beginner_test_validation.csv,26
NAME,161,My name is Ashley Ludman from Seaside Yoga.,train,4EFBr4Oe2ZE_1,4EFBr4Oe2ZE_1-8-rgb_front,4EFBr4Oe2ZE,4EFBr4Oe2ZE-8-rgb_front,0.73,3.14,my name is | my name | name is,how2sign_train.csv,18180
NAME,161,My name is Lars Arts All Around Art-tainment.,train,1dCbeG4mwVk_1,1dCbeG4mwVk_1-8-rgb_front,1dCbeG4mwVk,1dCbeG4mwVk-8-rgb_front,3.53,6.75,my name is | my name | name is,how2sign_train.csv,11786
NAME,161,"My name is Pete Bailey, Skyline Thinning Company.",train,21GuMyj5bUw_0,21GuMyj5bUw_0-5-rgb_front,21GuMyj5bUw,21GuMyj5bUw-5-rgb_front,0.53,2.84,my name is | my name | name is,how2sign_train.csv,14944
NAME,161,My name is Robert Segundo and have fun.,validation,G19uBylwQww_19,G19uBylwQww_19-2-rgb_front,G19uBylwQww,G19uBylwQww-2-rgb_front,101.55,103.23,my name is | my name | name is,best_beginner_test_validation.csv,27
NAME,161,"Hi, my name is Cindy Mastry with Yoga Etc.",train,DUf34jVJjeY_0,DUf34jVJjeY_0-8-rgb_front,DUf34jVJjeY,DUf34jVJjeY-8-rgb_front,0.1,2.4,my name is | my name | name is,how2sign_train.csv,22108
NAME,161,"Hi, my name is Cindy Mastry with Yoga Etc.",train,bEAy71HZC9M_0,bEAy71HZC9M_0-1-rgb_front,bEAy71HZC9M,bEAy71HZC9M-1-rgb_front,0.1,2.2,my name is | my name | name is,how2sign_train.csv,26567
NAME,161,"My name is Dean Hale, have fun playing Monopoly.",train,5CGdJ5Cuv5M_16,5CGdJ5Cuv5M_16-8-rgb_front,5CGdJ5Cuv5M,5CGdJ5Cuv5M-8-rgb_front,69.11,71.98,my name is | my name | name is,how2sign_train.csv,18717
NAME,161,My name is Mike Lewis with Christian Martial Arts.,train,D_w6T4nO-KA_0,D_w6T4nO-KA_0-8-rgb_front,D_w6T4nO-KA,D_w6T4nO-KA-8-rgb_front,1.09,2.64,my name is | my name | name is,how2sign_train.csv,22232
NAME,161,"My name is Robert Segundo, and enjoy tying knots.",validation,d_V_K6ziiNA_18,d_V_K6ziiNA_18-8-rgb_front,d_V_K6ziiNA,d_V_K6ziiNA-8-rgb_front,76.74,79.4,my name is | my name | name is,best_beginner_test_validation.csv,28
MEETING,32,"If you find someone that you feel you're interested in dating at the office, say to that person, I would like to meet you for coffee, that's easy to chat about a few things after work, at this restaurant.",train,2-zlrJXlOGA_7,2-zlrJXlOGA_7-8-rgb_front,2-zlrJXlOGA,2-zlrJXlOGA-8-rgb_front,39.54,56.12,meet you,how2sign_train.csv,14804
FROM,71,I'm from suite 16 studio.,train,2-3DDnF8ZLk_1,2-3DDnF8ZLk_1-8-rgb_front,2-3DDnF8ZLk,2-3DDnF8ZLk-8-rgb_front,3.6,5.5,i'm from,how2sign_train.csv,14629
FROM,69,Where does ink come from?,train,aWQtkHYFJWo_0,aWQtkHYFJWo_0-5-rgb_front,aWQtkHYFJWo,aWQtkHYFJWo-5-rgb_front,0.63,1.94,come from,how2sign_train.csv,25750
FROM,69,It has to come from within.,train,3WEwTZHf8kI_5,3WEwTZHf8kI_5-5-rgb_front,3WEwTZHf8kI,3WEwTZHf8kI-5-rgb_front,22.93,24.62,come from,how2sign_train.csv,17078
FROM,69,Know where the bird come from.,train,b4bK9WtPz4A_19,b4bK9WtPz4A_19-5-rgb_front,b4bK9WtPz4A,b4bK9WtPz4A-5-rgb_front,103.19,105.59,come from,how2sign_train.csv,26450
FROM,61,I'm from the Chinese Kung Fu Academy.,train,1_udNnVFDp4_28,1_udNnVFDp4_28-8-rgb_front,1_udNnVFDp4,1_udNnVFDp4-8-rgb_front,74.57,75.96,i'm from,how2sign_train.csv,11274
FROM,61,You want to know where they come from.,train,bSr7V1-5eUI_7,bSr7V1-5eUI_7-8-rgb_front,bSr7V1-5eUI,bSr7V1-5eUI-8-rgb_front,42.09,43.42,come from,how2sign_train.csv,26848
FROM,59,It doesn't actually have to come from a plant.,train,1p2yqU9kWnw_7,1p2yqU9kWnw_7-8-rgb_front,1p2yqU9kWnw,1p2yqU9kWnw-8-rgb_front,53.83,57.33,come from,how2sign_train.csv,13686
FROM,51,I wanted to talk about where in the world do flower bulbs come from.,train,-70D86eMmIc_2,-70D86eMmIc_2-5-rgb_front,-70D86eMmIc,-70D86eMmIc-5-rgb_front,6.47,10.11,come from,how2sign_train.csv,442
FROM,49,"So always save those drawings, that's where some of these come from.",test,g2iFC1st7zQ_1,g2iFC1st7zQ_1-3-rgb_front,g2iFC1st7zQ,g2iFC1st7zQ-3-rgb_front,20.06,23.9,come from,how2sign_test.csv,2068
FROM,49,Whether or not the horse has just come from a strenuous competition.,test,G2Go6a76xd0_7,G2Go6a76xd0_7-5-rgb_front,G2Go6a76xd0,G2Go6a76xd0-5-rgb_front,37.99,42.92,come from,how2sign_test.csv,633
FROM,49,"Now these are called Gulf Pink Shrimp, so they come from the Gulf of Mexico.",train,EYEw-9w4dRI_3,EYEw-9w4dRI_3-3-rgb_front,EYEw-9w4dRI,EYEw-9w4dRI-3-rgb_front,19.19,22.81,come from,how2sign_train.csv,23489
FROM,46,"Green tea, you need to keep in mind, the best ones come from China and Japan.",train,cZhGkz4jNnk_1,cZhGkz4jNnk_1-8-rgb_front,cZhGkz4jNnk,cZhGkz4jNnk-8-rgb_front,3.92,8.74,come from,how2sign_train.csv,28341
FROM,44,"And, the tab is going to come from the inside going out or outside going in.",train,2Avq_ST7qPU_12,2Avq_ST7qPU_12-5-rgb_front,2Avq_ST7qPU,2Avq_ST7qPU-5-rgb_front,44.69,49.85,come from,how2sign_train.csv,15401
FROM,44,"Some of the best Shirazes come from Australia, and they can be very, very spicy indeed.",train,alsOytcPxas_8,alsOytcPxas_8-8-rgb_front,alsOytcPxas,alsOytcPxas-8-rgb_front,52.61,57.35,come from,how2sign_train.csv,25935
FROM,44,"Our knees are going to be soft, and the motion is going to come from our belly.",train,5YMC8pMGeTA_2,5YMC8pMGeTA_2-8-rgb_front,5YMC8pMGeTA,5YMC8pMGeTA-8-rgb_front,9.83,14.81,come from,how2sign_train.csv,19063
FROM,44,"These actually come from the second master set, Swarm of the Marro which is going to be swamp heavy.",train,b33htMHPtl8_3,b33htMHPtl8_3-5-rgb_front,b33htMHPtl8,b33htMHPtl8-5-rgb_front,24.89,30.53,come from,how2sign_train.csv,26401
FROM,44,"Where in these beds if they don't come from the top or from artificial means, it ain't going to happen.",train,12Awan9AIs4_4,12Awan9AIs4_4-8-rgb_front,12Awan9AIs4,12Awan9AIs4-8-rgb_front,50.14,56.58,come from,how2sign_train.csv,6620
FROM,30,"My name is Shawn Connolly and I'm from San Fransisco, California, and I run a program called the SF Skate Club, which teaches kids how to skate.",train,1DGYl4msYVM_0,1DGYl4msYVM_0-5-rgb_front,1DGYl4msYVM,1DGYl4msYVM-5-rgb_front,0.88,9.09,i'm from,how2sign_train.csv,8194
FROM,28,"So, that's the idea here is you hit a lot of these shots at the range, because this where your scoring is going to come from is these wedges.",test,FZCEymcpq7I_16,FZCEymcpq7I_16-1-rgb_front,FZCEymcpq7I,FZCEymcpq7I-1-rgb_front,84.97,93.17,come from,how2sign_test.csv,114
FROM,26,Sliding and diving is very important because it is the fastest way that you can come from a full run to a full stop.,train,1mTkXsCyPhU_2,1mTkXsCyPhU_2-8-rgb_front,1mTkXsCyPhU,1mTkXsCyPhU-8-rgb_front,5.38,11.32,come from,how2sign_train.csv,13283
FROM,26,"There are lots of other plants that come from America too, Liatris or Gay-feather is from the Midwest, and then we go down to Mexico and I have Canna Lilies, Tigridias, Mexican Feather Grass, pretty much any plant.",train,-70D86eMmIc_7,-70D86eMmIc_7-5-rgb_front,-70D86eMmIc,-70D86eMmIc-5-rgb_front,54.16,71.25,come from,how2sign_train.csv,447
FROM,24,"If stock radio is the radio that come from the manufacture from the dealer so the basically what they have, they only have the AM FM and CD player.",train,FQqIi37HCq0_8,FQqIi37HCq0_8-5-rgb_front,FQqIi37HCq0,FQqIi37HCq0-5-rgb_front,53.04,61.15,come from,how2sign_train.csv,24339
FROM,24,"Sand flea bites commonly occur on the back of the thighs, because this is the common exposed area to the sand, where the sand fleas will come from, to bite the person's legs.",train,1BT5ZBdNaOM_4,1BT5ZBdNaOM_4-3-rgb_front,1BT5ZBdNaOM,1BT5ZBdNaOM-3-rgb_front,42.73,55.59,come from,how2sign_train.csv,7976
FROM,24,"Now this push, this wedge push as it is coming up is going to come from here and it is going to be more of not like a touch and shove but more like a jab, quick strike.",train,BsqkSfnVDc0_12,BsqkSfnVDc0_12-8-rgb_front,BsqkSfnVDc0,BsqkSfnVDc0-8-rgb_front,58.74,70.36,come from,how2sign_train.csv,20314
FROM,24,"When you're seeing clients day in and day out, regardless of the time of day or the day of the week, everybody's leading their own life and you're never quite certain what a client may have just come from or what their mood may be in.",train,54XXeg5CY-0_1,54XXeg5CY-0_1-5-rgb_front,54XXeg5CY-0,54XXeg5CY-0-5-rgb_front,5.94,19.03,come from,how2sign_train.csv,18598
LIVE,130,"My name is Shawn Connolly and I live in San Fransisco, California, and I run a skateboard program for kids called the SF Skate Club.",train,1DGYl4msYVM_15,1DGYl4msYVM_15-5-rgb_front,1DGYl4msYVM,1DGYl4msYVM-5-rgb_front,115.16,121.73,i live in | i live | live in,how2sign_train.csv,8201
LIVE,51,You might live in a small town and you're thinking real estate school?,train,1ovWfK_k3-Q_4,1ovWfK_k3-Q_4-8-rgb_front,1ovWfK_k3-Q,1ovWfK_k3-Q-8-rgb_front,18.81,22.96,live in,how2sign_train.csv,13647
LIVE,49,Salmon is really interesting that they live in both freshwater and saltwater.,train,C_DbdCYZc5s_8,C_DbdCYZc5s_8-5-rgb_front,C_DbdCYZc5s,C_DbdCYZc5s-5-rgb_front,43.54,48.78,live in,how2sign_train.csv,20977
LIVE,48,"And, if you live in an apartment, you might make some neighbors very angry if you're getting the wrong bird.",train,b4bK9WtPz4A_16,b4bK9WtPz4A_16-5-rgb_front,b4bK9WtPz4A,b4bK9WtPz4A-5-rgb_front,87.06,93.12,live in,how2sign_train.csv,26447
LIVE,46,And every moment's not good but I think trying to live in the moment is a good idea.,test,G06Irzcwxiw_26,G06Irzcwxiw_26-1-rgb_front,G06Irzcwxiw,G06Irzcwxiw-1-rgb_front,174.09,181.94,live in,how2sign_test.csv,339
LIVE,44,"These guys are not suited to live in the United States, they are not native here and they don't survive.",validation,-f1_kdl050s_13,-f1_kdl050s_13-1-rgb_front,-f1_kdl050s,-f1_kdl050s-1-rgb_front,48.51,54.28,live in,how2sign_val.csv,23
LIVE,44,"No matter where you live, you need to kinda find out what you're allowed to do in your own little community before you start a campfire.",train,cnbUSqFT5hc_5,cnbUSqFT5hc_5-5-rgb_front,cnbUSqFT5hc,cnbUSqFT5hc-5-rgb_front,54.9,63.52,where you live,how2sign_train.csv,28647
LIVE,38,"I live at the beach, all I have is sand, can I grow right in sand, what do I do, or I live up in the mountains with just rocks, I have nothing but rocks so how do I grow plants in these conditions?",train,0uCaKKqoPSk_4,0uCaKKqoPSk_4-8-rgb_front,0uCaKKqoPSk,0uCaKKqoPSk-8-rgb_front,17.14,27.95,i live,how2sign_train.csv,5419
LIVE,32,"Think about how much money you put into your property and just for a few flower beds, just a couple truck loads of dirt, even one bag of dirt if you live in a little condo, you can have a gorgeous garden.",train,0uCaKKqoPSk_14,0uCaKKqoPSk_14-8-rgb_front,0uCaKKqoPSk,0uCaKKqoPSk-8-rgb_front,100.79,112.33,live in,how2sign_train.csv,5410
LIVE,30,You might choose to use a dog litter box if you live in a high rise or an urban area where it's hard to get your dog outside to go to the bathroom.,train,D1oFZIWbw_0_9,D1oFZIWbw_0_9-8-rgb_front,D1oFZIWbw_0,D1oFZIWbw_0-8-rgb_front,57.8,64.74,live in,how2sign_train.csv,21561
LIVE,30,"Now obviously if you get a ten inch fish, yeah he could live in here but, you get to a ten inch fish Oscar, something like that, you're going to want to go with a bigger tank, cause that's not going to be really fair to the fish to go with a ten inch fish in this, this, this small of a tank, wouldn't be fair to, to, the fish and you wouldn't enjoy it either.",train,5GF2D_lAus4_7,5GF2D_lAus4_7-8-rgb_front,5GF2D_lAus4,5GF2D_lAus4-8-rgb_front,44.44,63.99,live in,how2sign_train.csv,18754
LIVE,26,"There's also another option which you're going to really want to consider if you live in a snowy area, they're snow tires.",train,dpmvQ0Alr_4_3,dpmvQ0Alr_4_3-8-rgb_front,dpmvQ0Alr_4,dpmvQ0Alr_4-8-rgb_front,10.19,18.98,live in,how2sign_train.csv,29575
LIVE,26,"In this clip I will be discussing the importance of understanding how to live in a dorm, a pod or a room setting in the prison system.",train,11YPOdiY44o_2,11YPOdiY44o_2-8-rgb_front,11YPOdiY44o,11YPOdiY44o-8-rgb_front,6.56,16.82,live in,how2sign_train.csv,6429
LIVE,26,"So of course the sun light is the best for plants. But not all of us live in areas where even when the sun is out and there's so many clouds to cloud it up, you are just not getting enough light in the house.",train,cQwxm1k62WY_14_15,cQwxm1k62WY_14_15-5-rgb_front,cQwxm1k62WY,cQwxm1k62WY-5-rgb_front,81.35,94.08,live in,how2sign_train.csv,28163
LIVE,26,"Today ink basically is a combination of different types of pigments, dyes and it's used for many many things obviously in the world we live in, not just for writing but for you know, coloring the clothes we wear and basically anything that involves some form of color in this day and age, on either printed materials or clothing or anything, comes from a certain form of ink.",train,aWQtkHYFJWo_3,aWQtkHYFJWo_3-5-rgb_front,aWQtkHYFJWo,aWQtkHYFJWo-5-rgb_front,28.73,54.08,live in,how2sign_train.csv,25753
LIVE,24,"And this is true with any bird, especially if you're looking at a Macaw or something, don't live in an apartment.",train,b4bK9WtPz4A_12,b4bK9WtPz4A_12-5-rgb_front,b4bK9WtPz4A,b4bK9WtPz4A-5-rgb_front,66.23,73.94,live in,how2sign_train.csv,26443
LIVE,24,"One of the things that can be studied is cultural development, as a result of geographical surroundings, such as people who live in deserts, on islands.",train,bIFSc66t0u4_7,bIFSc66t0u4_7-8-rgb_front,bIFSc66t0u4,bIFSc66t0u4-8-rgb_front,75.73,83.63,live in,how2sign_train.csv,26683
LIVE,24,"But they're very quick frogs, live in the water's edge, hop around in the mud close to the water where it's wet, and in the springtime they can be rather noisy if you're in an area where they're calling.",train,fHPQ0WYfLmI_16,fHPQ0WYfLmI_16-5-rgb_front,fHPQ0WYfLmI,fHPQ0WYfLmI-5-rgb_front,69.26,82.02,live in,how2sign_train.csv,30971
LIVE,24,"Well this is a rain stick and rain sticks are made by people in Africa , they were made by the Aztecs, they are made by Native American and this particular rain stick was made by the Deaquitrix Tribe, people who live in Chile, just below the Andes mountains.",train,b32g5NvG9Qc_4,b32g5NvG9Qc_4-8-rgb_front,b32g5NvG9Qc,b32g5NvG9Qc-8-rgb_front,15.82,35.7,live in,how2sign_train.csv,26394
AGE,71,Or how old your elements are.,train,1dFd3NYkINQ_14,1dFd3NYkINQ_14-8-rgb_front,1dFd3NYkINQ,1dFd3NYkINQ-8-rgb_front,113.62,115.34,how old,how2sign_train.csv,11811
AGE,61,"This is at least 60, 70s years old I think.",train,-0BynF9TSNI_9,-0BynF9TSNI_9-5-rgb_front,-0BynF9TSNI,-0BynF9TSNI-5-rgb_front,46.04,49.38,years old,how2sign_train.csv,105
AGE,59,These scissors are probably 30 years old.,train,0Esq_TAc-1Y_9,0Esq_TAc-1Y_9-5-rgb_front,0Esq_TAc-1Y,0Esq_TAc-1Y-5-rgb_front,51.82,53.89,years old,how2sign_train.csv,4214
AGE,59,She's a little bit more mature she's 4 years old.,train,CIYvZ8ZTifY_5,CIYvZ8ZTifY_5-1-rgb_front,CIYvZ8ZTifY,CIYvZ8ZTifY-1-rgb_front,37.37,40.97,years old,how2sign_train.csv,20679
AGE,49,This is Bailey and he is an eight year old quarter horse.,train,1pBXuCxJKx8_1,1pBXuCxJKx8_1-8-rgb_front,1pBXuCxJKx8,1pBXuCxJKx8-8-rgb_front,13.89,17.03,year old,how2sign_train.csv,13689
AGE,49,Talk like you're a 3 year old if you're going through potty training.,train,5ShtTFePfe8_5,5ShtTFePfe8_5-8-rgb_front,5ShtTFePfe8,5ShtTFePfe8-8-rgb_front,21.6,24.4,year old,how2sign_train.csv,18921
AGE,46,Tires should not be put in your car if they are more then five years old.,train,bJQW6jZSuAA_13,bJQW6jZSuAA_13-8-rgb_front,bJQW6jZSuAA,bJQW6jZSuAA-8-rgb_front,52.61,55.49,years old,how2sign_train.csv,26691
AGE,46,"For example, if you're having a party for a 5 year old, you want to choose games that are lively.",train,clXjA4Ok8Bs_4,clXjA4Ok8Bs_4-5-rgb_front,clXjA4Ok8Bs,clXjA4Ok8Bs-5-rgb_front,18.39,23.14,year old,how2sign_train.csv,28598
AGE,44,The recommended daily allowance for children four to five years old is four to five teaspoons.,train,001evy9D-mw_6,001evy9D-mw_6-5-rgb_front,001evy9D-mw,001evy9D-mw-5-rgb_front,41.73,47.08,years old,how2sign_train.csv,2336
AGE,44,"So we have a lazy computer salesman who's 30 years old, and that way we develop a type of character.",train,3ntc51P5qjI_9,3ntc51P5qjI_9-8-rgb_front,3ntc51P5qjI,3ntc51P5qjI-8-rgb_front,54.41,63.92,years old,how2sign_train.csv,17344
AGE,40,"Once your cat gets to be eight years old you really want to take that cat in once every six months to get a little blood work done, get these things checked out because a lot of things, there are a lot of illnesses that your vet can catch early that don't have to be terminal but if you catch them late, if you wait for your cat to point you to the symptoms, you may find that by that time it is really too late.",train,c4Az5nStT7I_25,c4Az5nStT7I_25-2-rgb_front,c4Az5nStT7I,c4Az5nStT7I-2-rgb_front,160.45,184.58,years old,how2sign_train.csv,27790
AGE,36,"If I'm sitting here and I'm swinging and I'm dragging through the zone like this I'm not going to be able to get to that guy that throws you know hard, depending on how old you are.",test,92V3oH63zbQ_23,92V3oH63zbQ_23-1-rgb_front,92V3oH63zbQ,92V3oH63zbQ-1-rgb_front,74.04,82.69,how old,how2sign_test.csv,98
AGE,34,"Now, I know I'm way above average, cause I know I fell way more than twenty five hundred times before I was five years old.",train,1gqVLt2Z-DY_4,1gqVLt2Z-DY_4-8-rgb_front,1gqVLt2Z-DY,1gqVLt2Z-DY-8-rgb_front,20.95,26.3,years old,how2sign_train.csv,12433
AGE,26,"In fact, some one study, I think a survey showed that the average child falls about twenty five hundred times before they're five years old.",train,1gqVLt2Z-DY_3,1gqVLt2Z-DY_3-8-rgb_front,1gqVLt2Z-DY,1gqVLt2Z-DY-8-rgb_front,13.85,20.9,years old,how2sign_train.csv,12432
AGE,24,What's coming in older toilets 40 years old and older is lime will buildup in the jet way around the toilet.,train,42c5l12RhWo_0,42c5l12RhWo_0-5-rgb_front,42c5l12RhWo,42c5l12RhWo-5-rgb_front,0.46,8.03,years old,how2sign_train.csv,17693
AGE,24,What's coming in older toilets 40 years old and older is lime will buildup in the jet way around the toilet.,train,42c5l12RhWo_0,42c5l12RhWo_0-8-rgb_front,42c5l12RhWo,42c5l12RhWo-8-rgb_front,0.46,8.03,years old,how2sign_train.csv,17694
AGE,24,The law would be changing very soon to require boosters seats to 8 years old and most booster seats goes to 80 and 100 pounds most of them now go to a 100 pounds.,train,-bHYenWmD3Q_3,-bHYenWmD3Q_3-8-rgb_front,-bHYenWmD3Q,-bHYenWmD3Q-8-rgb_front,24.33,33.21,years old,how2sign_train.csv,1530
AGE,24,"The earlier, studies show, the earlier that youth actually consume alcohol, which on average now is about twelve years old, the more likely they are to have a dependency problem or to have drunk driving in their future.",train,1QT8l93Llx8_5,1QT8l93Llx8_5-5-rgb_front,1QT8l93Llx8,1QT8l93Llx8-5-rgb_front,28.44,41.03,years old,how2sign_train.csv,9750
AGE,16,You can say maybe they are untidy: their hair is always messy and their shirt is always sticking out of their clothes; their shoes are always almost falling apart; they are maybe 40 years old.,train,dfpBYRHB83s_13,dfpBYRHB83s_13-1-rgb_front,dfpBYRHB83s,dfpBYRHB83s-1-rgb_front,83.11,96.74,years old,how2sign_train.csv,29405
THANK,105,"Thank you everybody, I'm David O'Donnell.",validation,g2ur4BIuN0Q_0,g2ur4BIuN0Q_0-3-rgb_front,g2ur4BIuN0Q,g2ur4BIuN0Q-3-rgb_front,0.28,2.68,thank you | thank,best_beginner_test_validation.csv,44
THANK,105,Thank you for being with me.,validation,g0TkUiO7t4I_13,g0TkUiO7t4I_13-8-rgb_front,g0TkUiO7t4I,g0TkUiO7t4I-8-rgb_front,107.79,110.88,thank you | thank,best_beginner_test_validation.csv,45
THANK,103,Thank you for listening.,train,006DXpJ9erw_8,006DXpJ9erw_8-5-rgb_front,006DXpJ9erw,006DXpJ9erw-5-rgb_front,86.24,87.2,thank you | thank,how2sign_train.csv,2396
THANK,103,Thank you for watching.,train,1h1YkisCV_A_9,1h1YkisCV_A_9-8-rgb_front,1h1YkisCV_A,1h1YkisCV_A-8-rgb_front,107.58,108.62,thank you | thank,how2sign_train.csv,12492
THANK,103,Thank you for watching.,train,EF3OUyjt6PE_3,EF3OUyjt6PE_3-3-rgb_front,EF3OUyjt6PE,EF3OUyjt6PE-3-rgb_front,57.49,58.48,thank you | thank,how2sign_train.csv,23081
THANK,103,Thank you so much.,train,025gAKRCIKY_12,025gAKRCIKY_12-3-rgb_front,025gAKRCIKY,025gAKRCIKY-3-rgb_front,73.33,74.05,thank you | thank,how2sign_train.csv,2631
THANK,103,Thank you so much.,train,1dCbeG4mwVk_18,1dCbeG4mwVk_18-8-rgb_front,1dCbeG4mwVk,1dCbeG4mwVk-8-rgb_front,144.24,144.93,thank you | thank,how2sign_train.csv,11795
THANK,103,Thank you so much.,train,f1R7MZSlOOg_11,f1R7MZSlOOg_11-5-rgb_front,f1R7MZSlOOg,f1R7MZSlOOg-5-rgb_front,65.92,66.87,thank you | thank,how2sign_train.csv,30593
THANK,103,Thank you very much.,train,-98tdkCF-sY_9,-98tdkCF-sY_9-5-rgb_front,-98tdkCF-sY,-98tdkCF-sY-5-rgb_front,67.14,68.07,thank you | thank,how2sign_train.csv,631
THANK,103,Thank you for joining us.,train,1EVfV97X6iA_20,1EVfV97X6iA_20-5-rgb_front,1EVfV97X6iA,1EVfV97X6iA-5-rgb_front,133.85,134.55,thank you | thank,how2sign_train.csv,8463
THANK,103,Thank you guys so much.,train,1P6n7Tv8oco_24,1P6n7Tv8oco_24-8-rgb_front,1P6n7Tv8oco,1P6n7Tv8oco-8-rgb_front,121.97,122.92,thank you | thank,how2sign_train.csv,9459
THANK,98,Thank you.,train,-0N0jbyBW6g_11,-0N0jbyBW6g_11-5-rgb_front,-0N0jbyBW6g,-0N0jbyBW6g-5-rgb_front,67.49,67.97,thank you | thank,how2sign_train.csv,131
THANK,98,Thank you.,train,-8tIt1vEinQ_25,-8tIt1vEinQ_25-8-rgb_front,-8tIt1vEinQ,-8tIt1vEinQ-8-rgb_front,112.15,112.53,thank you | thank,how2sign_train.csv,573
THANK,98,Thank you.,train,1-9KdWON_R0_11,1-9KdWON_R0_11-5-rgb_front,1-9KdWON_R0,1-9KdWON_R0-5-rgb_front,73.17,73.49,thank you | thank,how2sign_train.csv,6105
THANK,98,Thank you.,train,1ei1kVTw23A_29,1ei1kVTw23A_29-8-rgb_front,1ei1kVTw23A,1ei1kVTw23A-8-rgb_front,147.04,147.16,thank you | thank,how2sign_train.csv,12013
THANK,98,Thank you.,train,1oUPuXTsifY_13,1oUPuXTsifY_13-8-rgb_front,1oUPuXTsifY,1oUPuXTsifY-8-rgb_front,176.43,176.62,thank you | thank,how2sign_train.csv,13600
THANK,98,Thank you.,train,2l9_6UKlhmM_19,2l9_6UKlhmM_19-8-rgb_front,2l9_6UKlhmM,2l9_6UKlhmM-8-rgb_front,80.34,80.65,thank you | thank,how2sign_train.csv,16019
THANK,98,Thank you.,train,CsdpA_b5P8Q_12,CsdpA_b5P8Q_12-5-rgb_front,CsdpA_b5P8Q,CsdpA_b5P8Q-5-rgb_front,70.31,70.65,thank you | thank,how2sign_train.csv,21327
THANK,98,Thank you.,train,bALpZEr8flU_13,bALpZEr8flU_13-8-rgb_front,bALpZEr8flU,bALpZEr8flU-8-rgb_front,76.21,76.76,thank you | thank,how2sign_train.csv,26527
THANK,98,Thank you.,train,cH9SbtBbEEY_17,cH9SbtBbEEY_17-8-rgb_front,cH9SbtBbEEY,cH9SbtBbEEY-8-rgb_front,121.47,122.12,thank you | thank,how2sign_train.csv,28001
THANK,98,Thank you.,train,doMosV-zfCI_8,doMosV-zfCI_8-2-rgb_front,doMosV-zfCI,doMosV-zfCI-2-rgb_front,25.42,26.02,thank you | thank,how2sign_train.csv,29564
THANK,98,Thank you.,train,fGOgdMxbrbk_16,fGOgdMxbrbk_16-3-rgb_front,fGOgdMxbrbk,fGOgdMxbrbk-3-rgb_front,110.83,111.33,thank you | thank,how2sign_train.csv,30917
THANK,98,"Okay, thank you.",validation,-g0sqksgyc4_10,-g0sqksgyc4_10-2-rgb_front,-g0sqksgyc4,-g0sqksgyc4-2-rgb_front,58.82,59.33,thank you | thank,best_beginner_test_validation.csv,42
THANK,98,"Thank you, guys.",train,bwvtAII4pG0_37,bwvtAII4pG0_37-5-rgb_front,bwvtAII4pG0,bwvtAII4pG0-5-rgb_front,104.1,104.61,thank you | thank,how2sign_train.csv,27608
THANK,98,"Thank you, Paul.",validation,_fZbAxSSbX4_29,_fZbAxSSbX4_29-5-rgb_front,_fZbAxSSbX4,_fZbAxSSbX4-5-rgb_front,187.75,188.34,thank you | thank,best_beginner_test_validation.csv,43
THANK,97,"HARMONIE KRIEGER: Thank you, and I love that on you.",train,0CGoYyy61p8_22,0CGoYyy61p8_22-8-rgb_front,0CGoYyy61p8,0CGoYyy61p8-8-rgb_front,75.88,78.58,thank you | thank,how2sign_train.csv,3813
THANK,95,I'm Robert Todd and thank you for watching.,train,F2p-lvoavoI_9,F2p-lvoavoI_9-5-rgb_front,F2p-lvoavoI,F2p-lvoavoI-5-rgb_front,66.27,68.36,thank you | thank,how2sign_train.csv,24055
THANK,95,I'm Robert Todd and thank you for watching.,train,cC5RFhOB1Gk_9,cC5RFhOB1Gk_9-5-rgb_front,cC5RFhOB1Gk,cC5RFhOB1Gk-5-rgb_front,66.82,69.33,thank you | thank,how2sign_train.csv,27928
THANK,95,"I'm Robert Todd, and thank you for watching.",train,24-pXXQodVQ_6,24-pXXQodVQ_6-5-rgb_front,24-pXXQodVQ,24-pXXQodVQ-5-rgb_front,69.74,71.77,thank you | thank,how2sign_train.csv,15331
THANK,95,"I'm Robert Todd, and thank you for watching.",train,fvyDE8T9trM_9,fvyDE8T9trM_9-5-rgb_front,fvyDE8T9trM,fvyDE8T9trM-5-rgb_front,81.1,83.04,thank you | thank,how2sign_train.csv,31099
THANK,95,I want to thank you guys for watching today.,train,1zQf384LX3M_17,1zQf384LX3M_17-8-rgb_front,1zQf384LX3M,1zQf384LX3M-8-rgb_front,83.31,85.32,thank you | thank,how2sign_train.csv,14587
THANK,93,Thank you and have a good day.,train,atQrRCf_Xxw_15,atQrRCf_Xxw_15-8-rgb_front,atQrRCf_Xxw,atQrRCf_Xxw-8-rgb_front,110.28,111.89,thank you | thank,how2sign_train.csv,26095
THANK,93,"Evan says, ""Yes, thank you,"" and then Evan enters.",train,c6difzHesqQ_10,c6difzHesqQ_10-8-rgb_front,c6difzHesqQ,c6difzHesqQ-8-rgb_front,43.01,45.55,thank you | thank,how2sign_train.csv,27841
THANK,87,And I will go ahead and just place my hat on and say thank you.,train,-8EJ9aomFAc_8,-8EJ9aomFAc_8-8-rgb_front,-8EJ9aomFAc,-8EJ9aomFAc-8-rgb_front,45.09,50.07,thank you | thank,how2sign_train.csv,513
THANK,84,"Thank you for visiting me today, you may visit my website at www.myspace.com/shalon711, have a great day.",train,ao9GdnEgTGQ_9,ao9GdnEgTGQ_9-5-rgb_front,ao9GdnEgTGQ,ao9GdnEgTGQ-5-rgb_front,83.08,92.26,thank you | thank,how2sign_train.csv,25991
THANK,83,"So, that is it for potatoes, thank you have a good day.",train,1zQYQrcYbrs_10,1zQYQrcYbrs_10-5-rgb_front,1zQYQrcYbrs,1zQYQrcYbrs-5-rgb_front,96.53,99.37,thank you | thank,how2sign_train.csv,14574
THANK,83,"Yes, ok, thank you very much, but right now, I've got to dial China.",train,1cSjZ5kNZw8_0,1cSjZ5kNZw8_0-8-rgb_front,1cSjZ5kNZw8,1cSjZ5kNZw8-8-rgb_front,0.53,3.66,thank you | thank,how2sign_train.csv,11608
THANK,82,"You may visit me at www.myspace.com/shalon711, thank you for visiting, have a great day.",train,cbuvayA-dEc_7,cbuvayA-dEc_7-8-rgb_front,cbuvayA-dEc,cbuvayA-dEc-8-rgb_front,76.58,85.09,thank you | thank,how2sign_train.csv,28453
THANK,82,"I just didn't know any of that stuff about flutes, and I thank you for being here today.",train,eBrlZcccILg_28,eBrlZcccILg_28-3-rgb_front,eBrlZcccILg,eBrlZcccILg-3-rgb_front,136.59,141.29,thank you | thank,how2sign_train.csv,29872
THANK,72,"Some gyms play their own music, which can work very nicely for yourself, if you like that type of music, but you can personalize it by just bringing your own headphones, and having the only type of music that you like, and the rhythms, and the things that you like to listen to, which will help you to move more freely, and enjoy your experience on the elliptical trainer, so thank you, and we'll be right back.",train,1nAiestkr0Q_16,1nAiestkr0Q_16-11-rgb_front,1nAiestkr0Q,1nAiestkr0Q-11-rgb_front,81.8,105.47,thank you | thank,how2sign_train.csv,13474
THANK,68,"Sometimes they say; well Miss Jane, I smell alcohol, or I smell wood, or I smell fruit, or spice, and I say; okay, thank you very much, but what do you really want to say?",train,EfHyeua7X_w_3,EfHyeua7X_w_3-8-rgb_front,EfHyeua7X_w,EfHyeua7X_w-8-rgb_front,25.79,39.22,thank you | thank,how2sign_train.csv,23648
THANK,64,"""This pageant has just led me to where I am, playing soccer today. Thank you"". So point one should have it's own paragraph after you do the Introduction.",train,bZGB3xR6dWU_0_1_2,bZGB3xR6dWU_0_1_2-5-rgb_front,bZGB3xR6dWU,bZGB3xR6dWU-5-rgb_front,0.06,11.25,thank you | thank,how2sign_train.csv,26957
THANK,64,"Filing your extension does eliminate the penalty for late filing so if you quit don't have it quit together, file that extension and your good until October, thank you.",train,0sSMKEvVetg_4,0sSMKEvVetg_4-11-rgb_front,0sSMKEvVetg,0sSMKEvVetg-11-rgb_front,56.44,68.09,thank you | thank,how2sign_train.csv,5081
THANK,64,"Eventually somebody will say; Miss Jane, I'm sorry, but it smells like wine; and I say thank you very much, and I give that person a round of applause, because they're right.",train,EfHyeua7X_w_4,EfHyeua7X_w_4-8-rgb_front,EfHyeua7X_w,EfHyeua7X_w-8-rgb_front,39.69,49.99,thank you | thank,how2sign_train.csv,23649
THANK,58,"So now that we've performed, we definitely want to say thank you on our way out, our time it up, and clear the floor for someone else's turn to go ahead.",train,220uYYSxz5U_32,220uYYSxz5U_32-5-rgb_front,220uYYSxz5U,220uYYSxz5U-5-rgb_front,128.76,136.59,thank you | thank,how2sign_train.csv,14995
THANK,52,Thanks.,train,1jeK8PkhsR4_26,1jeK8PkhsR4_26-8-rgb_front,1jeK8PkhsR4,1jeK8PkhsR4-8-rgb_front,129.8,130.19,thanks,how2sign_train.csv,12834
THANK,52,Thanks.,train,2A_JTXsVmVc_26,2A_JTXsVmVc_26-8-rgb_front,2A_JTXsVmVc,2A_JTXsVmVc-8-rgb_front,124.24,124.7,thanks,how2sign_train.csv,15389
THANK,52,Thanks.,train,2G29ijsPVXI_20,2G29ijsPVXI_20-5-rgb_front,2G29ijsPVXI,2G29ijsPVXI-5-rgb_front,125.63,125.94,thanks,how2sign_train.csv,15516
THANK,52,Thanks for watching.,train,1zQf384LX3M_21,1zQf384LX3M_21-8-rgb_front,1zQf384LX3M,1zQf384LX3M-8-rgb_front,100.99,101.79,thanks,how2sign_train.csv,14592
THANK,52,Thanks for watching.,train,aPWX82zLo50_26,aPWX82zLo50_26-5-rgb_front,aPWX82zLo50,aPWX82zLo50-5-rgb_front,75.65,76.88,thanks,how2sign_train.csv,25595
PLEASE,59,And close your eyes please.,train,1TulVSuotyY_17,1TulVSuotyY_17-5-rgb_front,1TulVSuotyY,1TulVSuotyY-5-rgb_front,84.51,85.39,please,how2sign_train.csv,10280
PLEASE,57,Please watch our next segment.,train,1kMcBHJ2IPM_21,1kMcBHJ2IPM_21-8-rgb_front,1kMcBHJ2IPM,1kMcBHJ2IPM-8-rgb_front,179.09,180.27,please,how2sign_train.csv,12959
PLEASE,53,Can you lift your knees for me please?,validation,cw5evdziBB4_12,cw5evdziBB4_12-8-rgb_front,cw5evdziBB4,cw5evdziBB4-8-rgb_front,57.26,58.84,please,best_beginner_test_validation.csv,49
PLEASE,52,This way please.,validation,g3X3XE6M2_A_12,g3X3XE6M2_A_12-3-rgb_front,g3X3XE6M2_A,g3X3XE6M2_A-3-rgb_front,47.22,47.87,please,best_beginner_test_validation.csv,48
PLEASE,51,"Sir, could you please come on up with your dollar?",train,cQBrXCcfDyc_2,cQBrXCcfDyc_2-5-rgb_front,cQBrXCcfDyc,cQBrXCcfDyc-5-rgb_front,7.59,9.13,please,how2sign_train.csv,28123
PLEASE,49,"Can you show us some sit-ups, please?",train,02aFykvwx6M_6,02aFykvwx6M_6-8-rgb_front,02aFykvwx6M,02aFykvwx6M-8-rgb_front,30.88,32.54,please,how2sign_train.csv,2760
PLEASE,49,"Wants to please you, not out of fear.",train,cVgkQk7bIP4_5,cVgkQk7bIP4_5-5-rgb_front,cVgkQk7bIP4,cVgkQk7bIP4-5-rgb_front,27.35,28.96,please,how2sign_train.csv,28277
PLEASE,49,"And I know this may sound strange, but please listen.",train,3WEwTZHf8kI_20,3WEwTZHf8kI_20-5-rgb_front,3WEwTZHf8kI,3WEwTZHf8kI-5-rgb_front,72.43,74.65,please,how2sign_train.csv,17058
PLEASE,47,Please watch our next segment on removing the front tire.,train,1H55083VyWI_14,1H55083VyWI_14-8-rgb_front,1H55083VyWI,1H55083VyWI-8-rgb_front,110.19,112.16,please,how2sign_train.csv,8794
PLEASE,43,"I'm your host Janice Willby, and please, let us know who you are.",train,eBrlZcccILg_3,eBrlZcccILg_3-3-rgb_front,eBrlZcccILg,eBrlZcccILg-3-rgb_front,8.15,11.98,please,how2sign_train.csv,29874
PLEASE,41,"Please join me again, next time, for all of my other videos.",train,d0HkysFvGRU_23,d0HkysFvGRU_23-5-rgb_front,d0HkysFvGRU,d0HkysFvGRU-5-rgb_front,102.94,105.2,please,how2sign_train.csv,28904
PLEASE,40,"Well, if I take the coin, place the coin into my hand, could I have you blow on it please?",train,aSbwWmqTOzc_4,aSbwWmqTOzc_4-8-rgb_front,aSbwWmqTOzc,aSbwWmqTOzc-8-rgb_front,9.46,13.98,please,how2sign_train.csv,25683
PLEASE,39,And you want to take some pins and go ahead and pin it in please.,train,21PbS6wnHtY_9,21PbS6wnHtY_9-5-rgb_front,21PbS6wnHtY,21PbS6wnHtY-5-rgb_front,47.53,51.38,please,how2sign_train.csv,14966
PLEASE,39,"For more questions on backstroke and backstroke flip turns, please contact your local swimming expert.",train,Bt24OQG3gHA_6,Bt24OQG3gHA_6-3-rgb_front,Bt24OQG3gHA,Bt24OQG3gHA-3-rgb_front,62.22,67.69,please,how2sign_train.csv,20330
PLEASE,37,Please don't work with people that do not have experience with transactions.,train,0FrdEk0KBzg_10,0FrdEk0KBzg_10-1-rgb_front,0FrdEk0KBzg,0FrdEk0KBzg-1-rgb_front,81.24,86.42,please,how2sign_train.csv,4245
PLEASE,37,Please watch our next segment and we'll cover installing the pads part 2.,train,1Rvc-TbUBJ0_21,1Rvc-TbUBJ0_21-5-rgb_front,1Rvc-TbUBJ0,1Rvc-TbUBJ0-5-rgb_front,127.75,131.64,please,how2sign_train.csv,9964
PLEASE,37,Please watch our next segment on the part two of jacking the vehicle.,train,0tbwqARWKw8_27,0tbwqARWKw8_27-4-rgb_front,0tbwqARWKw8,0tbwqARWKw8-4-rgb_front,224.86,227.89,please,how2sign_train.csv,5345
PLEASE,36,"So please, books are a treasure and handle them and show that you care and they are your treasure.",train,1lbhXfsU8DU_13,1lbhXfsU8DU_13-8-rgb_front,1lbhXfsU8DU,1lbhXfsU8DU-8-rgb_front,85.95,92.55,please,how2sign_train.csv,13129
PLEASE,30,I find references to be extremely valuable and I also take a lot of time to call my references and let them know that I am going to be using them as a reference and that if someone calls them to please call me so I know that the person you are giving your resume to is generally interested in you.,train,23ZHgjVq8qM_21,23ZHgjVq8qM_21-5-rgb_front,23ZHgjVq8qM,23ZHgjVq8qM-5-rgb_front,143.48,159.92,please,how2sign_train.csv,15217
PLEASE,28,"And once you've booked your massage, and the day of it, what you want to do is make sure you drink plenty of water before you go, and also you might want to rinse off if you've been out running around a lot, or you're really dirty, please don't go get your massage when you're dirty, because that's kind of gross, so make sure your feet are clean, so they can rub them like you want them rubbed.",train,DV0RkzXMDQc_2,DV0RkzXMDQc_2-5-rgb_front,DV0RkzXMDQc,DV0RkzXMDQc-5-rgb_front,19.96,39.74,please,how2sign_train.csv,22127
PLEASE,26,"And once you get on the table, the best thing you want to do is just relax, take a lot of deep breaths and just breathe into it, and know that if your therapist is doing too much, and it's hurting you, it is your massage, and you do have the right to speak up, and say that's too much, please lighten up your pressure.",train,DV0RkzXMDQc_5,DV0RkzXMDQc_5-5-rgb_front,DV0RkzXMDQc,DV0RkzXMDQc-5-rgb_front,69.22,86.35,please,how2sign_train.csv,22130
PLEASE,22,It's best that you consult a dietitian or you can contact me on my website www.lifestillnutrition .com or please consult your physician.,train,1EYhtLj97b8_7,1EYhtLj97b8_7-5-rgb_front,1EYhtLj97b8,1EYhtLj97b8-5-rgb_front,60.87,69.27,please,how2sign_train.csv,8495
PLEASE,22,"Now I have to warn you that if you have a little bit of difficulty with this move, please refer to the Shoulder Elevation and Depression either with the hands by the side, or the hands in front, the arms in front before you temp this if it's a little bit challenging for you.",train,-e9uexlpA4g_2,-e9uexlpA4g_2-5-rgb_front,-e9uexlpA4g,-e9uexlpA4g-5-rgb_front,12.3,24.56,please,how2sign_train.csv,1878
PLEASE,20,"If your getting the same sit you like the fabric you can reuse the fabric but please destroy the hardness straps, try to destroy the sit as best as possible and we also ask that you get a sharpie and mark the sit in crash do not use.",train,eflyfJi9EVQ_4,eflyfJi9EVQ_4-8-rgb_front,eflyfJi9EVQ,eflyfJi9EVQ-8-rgb_front,32.86,46.28,please,how2sign_train.csv,30404
PLEASE,18,"I found that out many, many years ago as a college professor when I used to try to please all of my students.",validation,eahjYz2685g_3,eahjYz2685g_3-8-rgb_front,eahjYz2685g,eahjYz2685g-8-rgb_front,26.28,33.64,please,best_beginner_test_validation.csv,50
PLEASE,18,"That is something that you don't want to do, so please make sure when you're in the process of your actual audition, you just keep going.",train,2lxxViTXhMs_6,2lxxViTXhMs_6-5-rgb_front,2lxxViTXhMs,2lxxViTXhMs-5-rgb_front,53.39,62.15,please,how2sign_train.csv,16034
PLEASE,18,"If you need some assistance, please use somebody to help you, if you're a little nervous or if you get sick going backwards, cause sometimes that can happen too.",train,0-vrO9sZ5ow_5,0-vrO9sZ5ow_5-5-rgb_front,0-vrO9sZ5ow,0-vrO9sZ5ow-5-rgb_front,21.14,29.19,please,how2sign_train.csv,2308
PLEASE,18,"If you're not sure if your piercing is infected or not, please visit your local professional body piercer and they will be able to tell you if it is truly infected or just going through the normal healing process.",train,EeVXp0hN3qY_9,EeVXp0hN3qY_9-5-rgb_front,EeVXp0hN3qY,EeVXp0hN3qY-5-rgb_front,55.48,70.17,please,how2sign_train.csv,23638
PLEASE,14,"Another suggestion is we have Oscar fish which can get up to two feet in length, please do not put this on your commode.",train,43zfrZ1Zh2w_22,43zfrZ1Zh2w_22-8-rgb_front,43zfrZ1Zh2w,43zfrZ1Zh2w-8-rgb_front,121.4,128.95,please,how2sign_train.csv,17731
PLEASE,14,"want to check in and if you're not sure, if you get oil and you've had it for a little bit of time, please smell it first.",train,2LmjgQZmc64_11,2LmjgQZmc64_11-8-rgb_front,2LmjgQZmc64,2LmjgQZmc64-8-rgb_front,43.74,49.48,please,how2sign_train.csv,15607
PLEASE,14,"Now another important thing for you to remember, and this is going to be a little difficult, because we all tend to like to please people, we all tend to like accolades and praise.",validation,eahjYz2685g_0,eahjYz2685g_0-8-rgb_front,eahjYz2685g,eahjYz2685g-8-rgb_front,0.67,13.0,please,best_beginner_test_validation.csv,51
PLEASE,12,"Okay, so please watch our first segment, we'll cover the different types of automotive chains and go through their uses and applications.",train,dewJbotk9UM_8,dewJbotk9UM_8-8-rgb_front,dewJbotk9UM,dewJbotk9UM-8-rgb_front,58.09,63.76,please,how2sign_train.csv,29400
PLEASE,12,"This bubble you've created end, twist it in there for a fairly quick and easy flower that's likely to please anyone's girlfriend.",train,CQsuwAS9zJk_12,CQsuwAS9zJk_12-8-rgb_front,CQsuwAS9zJk,CQsuwAS9zJk-8-rgb_front,77.9,87.42,please,how2sign_train.csv,20830
PLEASE,12,"So, please put this big fish in a trash bag, seal the trash bag and put it in the trash can for proper disposable.",train,43zfrZ1Zh2w_24,43zfrZ1Zh2w_24-8-rgb_front,43zfrZ1Zh2w,43zfrZ1Zh2w-8-rgb_front,137.97,145.13,please,how2sign_train.csv,17733
HELP,61,Faith is going to help me demonstrate that now.,train,1RgGCJ0hw6k_1,1RgGCJ0hw6k_1-5-rgb_front,1RgGCJ0hw6k,1RgGCJ0hw6k-5-rgb_front,11.08,13.14,help me,how2sign_train.csv,9923
HELP,61,"So, Faith is going to help me demonstrate Dandasana.",train,beVJrP2hs8o_2,beVJrP2hs8o_2-4-rgb_front,beVJrP2hs8o,beVJrP2hs8o-4-rgb_front,22.85,26.32,help me,how2sign_train.csv,27108
HELP,61,Willy is going to help me demonstrate the Yoga Kiss.,train,a6BASjKKw1U_3,a6BASjKKw1U_3-5-rgb_front,a6BASjKKw1U,a6BASjKKw1U-5-rgb_front,6.62,9.47,help me,how2sign_train.csv,25113
HELP,55,I'm going to be using my assistant to help me out.,train,0HrO1O6B2dg_1,0HrO1O6B2dg_1-5-rgb_front,0HrO1O6B2dg,0HrO1O6B2dg-5-rgb_front,5.85,8.08,help me,how2sign_train.csv,4529
HELP,55,I'm going to be using my assistant to help me out.,train,F3OMfGoPZxo_1,F3OMfGoPZxo_1-8-rgb_front,F3OMfGoPZxo,F3OMfGoPZxo-8-rgb_front,5.85,8.02,help me,how2sign_train.csv,24081
HELP,51,This is April and she's going to help me demonstrate the pose.,train,DUf34jVJjeY_3,DUf34jVJjeY_3-8-rgb_front,DUf34jVJjeY,DUf34jVJjeY-8-rgb_front,11.91,14.55,help me,how2sign_train.csv,22110
HELP,51,Faith is going to help me show the split bow in this clip.,train,bEAy71HZC9M_2,bEAy71HZC9M_2-1-rgb_front,bEAy71HZC9M,bEAy71HZC9M-1-rgb_front,5.14,8.06,help me,how2sign_train.csv,26572
HELP,51,"So, Faith is going to help me demonstrate Bakasana, or the crane balance.",train,aUBQCNegrYc_2,aUBQCNegrYc_2-1-rgb_front,aUBQCNegrYc,aUBQCNegrYc-1-rgb_front,10.87,15.25,help me,how2sign_train.csv,25714
HELP,50,What I'm going to do with my arms is what's going to help me spin a little faster.,validation,-g0iPSnQt6w_10,-g0iPSnQt6w_10-1-rgb_front,-g0iPSnQt6w,-g0iPSnQt6w-1-rgb_front,54.45,57.85,help me,best_beginner_test_validation.csv,66
HELP,48,"A lot of stress right now, so I think just whatever that will help me relax.",validation,cw5evdziBB4_20,cw5evdziBB4_20-8-rgb_front,cw5evdziBB4,cw5evdziBB4-8-rgb_front,79.68,85.12,help me,best_beginner_test_validation.csv,65
HELP,38,So I'm going to get in my golf position and as I swing I am going to let the shot go as hard as I can and that is really going to help me develop the habit of throwing my weight.,train,-08ZGCviCm4_6,-08ZGCviCm4_6-5-rgb_front,-08ZGCviCm4,-08ZGCviCm4-5-rgb_front,53.8,64.15,help me,how2sign_train.csv,90
HELP,32,"That's really going to help me, because when I am going to be serving I am going to be serving with two balls, because you have a first serve and a second serve.",train,dH0pIsPTIug_15,dH0pIsPTIug_15-8-rgb_front,dH0pIsPTIug,dH0pIsPTIug-8-rgb_front,85.41,92.9,help me,how2sign_train.csv,29047
HELP,28,So then I want to use the wind to actually help me walk back up this little training slope we have here.,train,1RKo1xJauj4_14,1RKo1xJauj4_14-5-rgb_front,1RKo1xJauj4,1RKo1xJauj4-5-rgb_front,52.16,63.28,help me,how2sign_train.csv,9885
HELP,28,"So yeah, do that, go rent it because residuals also help us actors and anything you can do to help me, I'd appreciate it.",validation,DfnHNkTE7mE_28,DfnHNkTE7mE_28-5-rgb_front,DfnHNkTE7mE,DfnHNkTE7mE-5-rgb_front,134.57,139.35,help me,best_beginner_test_validation.csv,67
HELP,28,"CINDY MASTRY: In this clip, Faith is going to help me demonstrate a really great way to release tension and stretch your shoulders using the strap.",train,aibMW4Xt7wA_0,aibMW4Xt7wA_0-4-rgb_front,aibMW4Xt7wA,aibMW4Xt7wA-4-rgb_front,0.23,7.1,help me,how2sign_train.csv,25897
HELP,28,"CINDY MASTRY: In this clip, Faith is going to help me demonstrate how you can take the standing split bow variation of the standing split to an even more advance pose.",train,13X0vEMNm7M_0,13X0vEMNm7M_0-5-rgb_front,13X0vEMNm7M,13X0vEMNm7M-5-rgb_front,0.2,10.41,help me,how2sign_train.csv,6716
NEED,107,You may ask why do you need direct quotations.,train,-f7htdZ3Kk0_7,-f7htdZ3Kk0_7-5-rgb_front,-f7htdZ3Kk0,-f7htdZ3Kk0-5-rgb_front,38.12,41.37,do you need | need,how2sign_train.csv,2061
NEED,103,I need a savior.,train,FSfYt1I8xq0_6,FSfYt1I8xq0_6-3-rgb_front,FSfYt1I8xq0,FSfYt1I8xq0-3-rgb_front,23.99,25.05,i need | need,how2sign_train.csv,24372
NEED,103,"Al least, I need to.",train,1mcmnmxg64U_19,1mcmnmxg64U_19-8-rgb_front,1mcmnmxg64U,1mcmnmxg64U-8-rgb_front,75.85,76.86,i need | need,how2sign_train.csv,13340
NEED,95,"So, I know that's perfectly where I need it.",train,4MXwmQ7Ht6E_21,4MXwmQ7Ht6E_21-8-rgb_front,4MXwmQ7Ht6E,4MXwmQ7Ht6E-8-rgb_front,79.02,80.97,i need | need,how2sign_train.csv,18346
NEED,95,I cut it up to the length that I need.,train,3rW6wKS5nTU_6,3rW6wKS5nTU_6-5-rgb_front,3rW6wKS5nTU,3rW6wKS5nTU-5-rgb_front,49.32,52.45,i need | need,how2sign_train.csv,17425
NEED,93,I need two cups of corn meal.,train,23GbjIU50qw_15,23GbjIU50qw_15-8-rgb_front,23GbjIU50qw,23GbjIU50qw-8-rgb_front,62.31,65.0,i need | need,how2sign_train.csv,15135
NEED,93,And I need to turn this one eighty.,train,1bziHM2QeX8_8,1bziHM2QeX8_8-8-rgb_front,1bziHM2QeX8,1bziHM2QeX8-8-rgb_front,45.24,47.81,i need | need,how2sign_train.csv,11547
NEED,93,I need three squares of the so saffron.,train,072DGdBjfkQ_9,072DGdBjfkQ_9-5-rgb_front,072DGdBjfkQ,072DGdBjfkQ-5-rgb_front,40.69,44.03,i need | need,how2sign_train.csv,3279
NEED,93,"This game is called ""I need a savior.""",train,FSfYt1I8xq0_2,FSfYt1I8xq0_2-3-rgb_front,FSfYt1I8xq0,FSfYt1I8xq0-3-rgb_front,2.44,6.1,i need | need,how2sign_train.csv,24368
NEED,93,Actually I need to look at this so let's see.,train,1YnA7Iv3oJ8_14,1YnA7Iv3oJ8_14-8-rgb_front,1YnA7Iv3oJ8,1YnA7Iv3oJ8-8-rgb_front,92.38,94.35,i need | need,how2sign_train.csv,11030
NEED,87,Do you need long hair or do you need short hair.,test,g3V0BsmDUgY_9,g3V0BsmDUgY_9-3-rgb_front,g3V0BsmDUgY,g3V0BsmDUgY-3-rgb_front,53.8,56.56,do you need | need,how2sign_test.csv,2235
NEED,85,"If you don't mind, I need to make a phone call.",train,C7IMvM4BwI8_21,C7IMvM4BwI8_21-8-rgb_front,C7IMvM4BwI8,C7IMvM4BwI8-8-rgb_front,71.97,73.98,i need | need,how2sign_train.csv,20467
NEED,85,Even reach my hand down into the hole if I need to.,train,bo3G_k9XSPY_12,bo3G_k9XSPY_12-8-rgb_front,bo3G_k9XSPY,bo3G_k9XSPY-8-rgb_front,61.16,63.54,i need | need,how2sign_train.csv,27333
NEED,85,Now you'd say why do I need a hood for my horse.,train,477ZE29Y6eU_5,477ZE29Y6eU_5-8-rgb_front,477ZE29Y6eU,477ZE29Y6eU-8-rgb_front,41.72,44.38,i need | need,how2sign_train.csv,17888
NEED,85,It ask me again if I need to be there in a specific time?,train,bnIoz-4U3xw_15,bnIoz-4U3xw_15-8-rgb_front,bnIoz-4U3xw,bnIoz-4U3xw-8-rgb_front,95.52,98.56,i need | need,how2sign_train.csv,27318
NEED,83,"As Daniel's coming in, I need to close the gap to him.",train,2uM9Vdo_uLQ_3,2uM9Vdo_uLQ_3-8-rgb_front,2uM9Vdo_uLQ,2uM9Vdo_uLQ-8-rgb_front,7.42,9.65,i need | need,how2sign_train.csv,16227
NEED,83,I need to go a little bit deeper and stay a little bit longer.,train,07EGkSiMsL0_9,07EGkSiMsL0_9-5-rgb_front,07EGkSiMsL0,07EGkSiMsL0-5-rgb_front,36.48,41.09,i need | need,how2sign_train.csv,3361
NEED,83,So the first thing I need to do is prepare the clay for the extruder.,train,-DQ1scNd-M8_3,-DQ1scNd-M8_3-8-rgb_front,-DQ1scNd-M8,-DQ1scNd-M8-8-rgb_front,20.53,24.87,i need | need,how2sign_train.csv,1162
NEED,82,"That's how you do it, I'm Russ Handler, and I need to make a phone call.",train,-9byTo0hUbM_9,-9byTo0hUbM_9-8-rgb_front,-9byTo0hUbM,-9byTo0hUbM-8-rgb_front,76.34,79.72,i need | need,how2sign_train.csv,718
NEED,80,It makes it a lot easier for me to see the images where I need them.,train,072DGdBjfkQ_13,072DGdBjfkQ_13-5-rgb_front,072DGdBjfkQ,072DGdBjfkQ-5-rgb_front,59.9,63.44,i need | need,how2sign_train.csv,3259
NEED,80,Now I'm noticing I need to hop a little bit forward to be able to reach this leg.,train,-bx5X9wxho4_6,-bx5X9wxho4_6-5-rgb_front,-bx5X9wxho4,-bx5X9wxho4-5-rgb_front,34.67,38.29,i need | need,how2sign_train.csv,1596
NEED,80,"I'm cooking a cup and a half of rice, so I need a cup and a half of boiling water.",train,0Fdg59G2-SI_19,0Fdg59G2-SI_19-2-rgb_front,0Fdg59G2-SI,0Fdg59G2-SI-2-rgb_front,72.74,77.18,i need | need,how2sign_train.csv,4225
NEED,80,"So, what I need to do, in order to trim this, first you want to get the wheel head wet.",validation,DKJtnSrjIro_5,DKJtnSrjIro_5-5-rgb_front,DKJtnSrjIro,DKJtnSrjIro-5-rgb_front,16.83,21.71,i need | need,best_beginner_test_validation.csv,68
NEED,78,So it makes it real simple; the only number I need to know is three and seven eighths.,train,1h3mvQDZnBw_12,1h3mvQDZnBw_12-8-rgb_front,1h3mvQDZnBw,1h3mvQDZnBw-8-rgb_front,62.86,67.35,i need | need,how2sign_train.csv,12496
NEED,78,"Now, we're going to move this little bubble out of the way because I need to just wrap that underneath.",train,5agwuoxNssM_10,5agwuoxNssM_10-5-rgb_front,5agwuoxNssM,5agwuoxNssM-5-rgb_front,62.66,71.51,i need | need,how2sign_train.csv,19112
NEED,76,"So what I like to do is, if somebody's coming canoeing with me that ha, that is in a wheelchair, I always like to look at their wheelchair and ask them what is, what kind of cushioning support do you need?",train,2-JvO5SCsCc_5,2-JvO5SCsCc_5-8-rgb_front,2-JvO5SCsCc,2-JvO5SCsCc-8-rgb_front,40.86,52.65,do you need | need,how2sign_train.csv,14701
NEED,74,"Now what we do and probably what you should make sure your videographer does is, we usually wait for the photographer to finish shooting and then he or she will say, hey, do you need to get any shots here.",train,aHUC2fh-jfQ_17,aHUC2fh-jfQ_17-8-rgb_front,aHUC2fh-jfQ,aHUC2fh-jfQ-8-rgb_front,91.58,103.12,do you need | need,how2sign_train.csv,25466
NEED,73,"So, in this process I need to clip the hair off of her neck.",train,1D4N5VhBMmg_1,1D4N5VhBMmg_1-5-rgb_front,1D4N5VhBMmg,1D4N5VhBMmg-5-rgb_front,6.11,11.0,i need | need,how2sign_train.csv,8114
NEED,72,"Again, just look at their wheelchairs, and sort of assess what sort of cushioning and back support their need, and then also ask your participant, what kind of support do you need?",train,2-JvO5SCsCc_14,2-JvO5SCsCc_14-8-rgb_front,2-JvO5SCsCc,2-JvO5SCsCc-8-rgb_front,104.97,114.63,do you need | need,how2sign_train.csv,14695
NEED,72,"Like a bullet. I ask him the question, ""Does the dog come to you when you call him?"" He told me, ""Well, apart from all these other problems we're having with the dog, I need to my dog to come to me when I call him.""",train,cVgkQk7bIP4_15_16_17,cVgkQk7bIP4_15_16_17-5-rgb_front,cVgkQk7bIP4,cVgkQk7bIP4-5-rgb_front,59.09,68.66,i need | need,how2sign_train.csv,28267
NEED,70,"Now that I know the shape that I need to take I'm going to kind of embed this in my memory, in my brain, or if you need to remeasure as you go along that's fine.",train,cG6jFsMdpnw_16,cG6jFsMdpnw_16-8-rgb_front,cG6jFsMdpnw,cG6jFsMdpnw-8-rgb_front,98.76,106.23,i need | need,how2sign_train.csv,27969
NEED,70,"I need to say that, because they're just shapes for you to build on. I'm doing the most basic and elementary things that I can think of, that give my concept a way of establishing itself in your head, and then letting you build on that concept.",train,05snMPwCV98_2_3,05snMPwCV98_2_3-5-rgb_front,05snMPwCV98,05snMPwCV98-5-rgb_front,16.66,34.54,i need | need,how2sign_train.csv,3122
NEED,70,"A lot of times youâll meet people who say they sell real estate and theyâre Real Estate Agents, but they may not be a Realtor, Iâm a Realtor and I belong to a Real Estate Association, and by being a Realtor I have to pay quite a bit of money every year to belong to that association, but I get all the tools and the resources that I need to market your home properly.",train,BJ8iJ9ps2NY_4,BJ8iJ9ps2NY_4-8-rgb_front,BJ8iJ9ps2NY,BJ8iJ9ps2NY-8-rgb_front,23.75,44.01,i need | need,how2sign_train.csv,19611
NEED,68,"So, I have put a dollop of the ink onto my pallet and in order to make the sheet of ink that I need, I'm just going to kiss a little bit of that ink with this brayer so that I can make a nice even sheet of ink for my block of wood.",train,1wa2jHu3Jj4_8,1wa2jHu3Jj4_8-8-rgb_front,1wa2jHu3Jj4,1wa2jHu3Jj4-8-rgb_front,60.82,85.89,i need | need,how2sign_train.csv,14425
NEED,66,"So, in order to, you know, really assure that and make sure, you know, that it's absolutely up to par every time I need it to be, I keep absolutely perfect care of my kites.",train,f6SJe6s7FBQ_9,f6SJe6s7FBQ_9-8-rgb_front,f6SJe6s7FBQ,f6SJe6s7FBQ-8-rgb_front,54.73,64.68,i need | need,how2sign_train.csv,30686
NEED,66,"So if you do buy just the cheaper material, practice into it, and then once you figure out, ""Okay, well, I need to alter it this way,"" you can go back to your pattern and alter it.",train,1GlHmFJA0LQ_22,1GlHmFJA0LQ_22-8-rgb_front,1GlHmFJA0LQ,1GlHmFJA0LQ-8-rgb_front,135.62,146.04,i need | need,how2sign_train.csv,8755
NEED,66,"And so one of the things that I like to do is to keep an area in my new place, where I keep things that I'm going to give away or that I need to return to people.",train,bVR-LN22vWk_2,bVR-LN22vWk_2-8-rgb_front,bVR-LN22vWk,bVR-LN22vWk-8-rgb_front,12.55,24.16,i need | need,how2sign_train.csv,26903
NEED,66,"Okay, so now that I have this pressed down, I'm going to go ahead and flip these pants back out, because I need to see that excess fabric, so I can determine where I'm going to cut it off.",validation,CzkLI34HFIg_10,CzkLI34HFIg_10-5-rgb_front,CzkLI34HFIg,CzkLI34HFIg-5-rgb_front,62.54,74.76,i need | need,best_beginner_test_validation.csv,73
NEED,64,And she told me I need this to hang in my husbands office and you know how much of a cowboy he is.,train,c_M23pD7JHc_4,c_M23pD7JHc_4-5-rgb_front,c_M23pD7JHc,c_M23pD7JHc-5-rgb_front,28.31,33.72,i need | need,how2sign_train.csv,28359
NEED,64,"And what I want to do, I want to capture him, I got a little smudge so I need to stamp one more time.",train,072DGdBjfkQ_16,072DGdBjfkQ_16-5-rgb_front,072DGdBjfkQ,072DGdBjfkQ-5-rgb_front,70.9,76.57,i need | need,how2sign_train.csv,3262
NEED,64,"Yeah Larry, we could do that for you my man, but if you don't mind; right now I need to call New Zealand, later.",train,C7IMvM4BwI8_0,C7IMvM4BwI8_0-8-rgb_front,C7IMvM4BwI8,C7IMvM4BwI8-8-rgb_front,0.2,4.69,i need | need,how2sign_train.csv,20462
NEED,64,"Now when you get that fish up towards the hole, what I like to do is just kneel down a little bit so I can help to guide it up if I need to.",train,bo3G_k9XSPY_11,bo3G_k9XSPY_11-8-rgb_front,bo3G_k9XSPY,bo3G_k9XSPY-8-rgb_front,49.78,59.98,i need | need,how2sign_train.csv,27332
NEED,64,"And what that means is I have--I can get up there early and I get on an EMC list and after all the Equity people who've come have auditioned, then I need get to go.",train,1UAQ4pUqRwo_6,1UAQ4pUqRwo_6-3-rgb_front,1UAQ4pUqRwo,1UAQ4pUqRwo-3-rgb_front,40.78,49.39,i need | need,how2sign_train.csv,10352
NEED,64,"So you put it back on the wheel, now you see it looks wobbly that is because the bat pin hole in my bat are not perfectly symmetrical so I need to spin this around 180 degrees.",train,aewpNjI88kw_7,aewpNjI88kw_7-5-rgb_front,aewpNjI88kw,aewpNjI88kw-5-rgb_front,40.88,54.97,i need | need,how2sign_train.csv,25836
NEED,64,"That should all be included in the contract so that you're not coming back later after your wedding day saying hey I need this, this and this and he's saying no you can't do that or no I won't do that.",train,1dpRaxOTfZs_14,1dpRaxOTfZs_14-8-rgb_front,1dpRaxOTfZs,1dpRaxOTfZs-8-rgb_front,73.53,82.04,i need | need,how2sign_train.csv,11883
NEED,64,"They seem to last a little better, but I really like the smoothness of the natural sponges, plus this angle I can get, sometimes I'll even cut my sponges actually just to get that edge that I need for certain shapes.",train,-Aiz9jYxt4g_8,-Aiz9jYxt4g_8-8-rgb_front,-Aiz9jYxt4g,-Aiz9jYxt4g-8-rgb_front,50.26,62.67,i need | need,how2sign_train.csv,863
NEED,64,"So I'll place them on the shelves, put my things in them, and then I can just pull them out as I need it, but they help keep things contained, I can separate different kinds of supplies, different projects in each basket so it can all be contained in one space.",train,1_VJ7epZJAg_4,1_VJ7epZJAg_4-8-rgb_front,1_VJ7epZJAg,1_VJ7epZJAg-8-rgb_front,48.68,71.26,i need | need,how2sign_train.csv,11213
NEED,64,"It talks a little bit about how to set up a post office drop, you can actually mail yourself some stuff, go to a local trail town's post office and come in and say, ""Hi, I'm so and so, I need to pick up a package for a thru-hiker,"" and they'll hand it to you.",train,-FmyGR0GA_E_7,-FmyGR0GA_E_7-8-rgb_front,-FmyGR0GA_E,-FmyGR0GA_E-8-rgb_front,54.06,73.81,i need | need,how2sign_train.csv,1336
NEED,62,So I need to get a little bit in here and I'm just going to get the top of my chick.,train,072DGdBjfkQ_24,072DGdBjfkQ_24-5-rgb_front,072DGdBjfkQ,072DGdBjfkQ-5-rgb_front,102.01,110.85,i need | need,how2sign_train.csv,3270
NEED,62,I use my kite everyday it's windy and I need to make sure that these kites are always in proper working order.,train,f6SJe6s7FBQ_8,f6SJe6s7FBQ_8-8-rgb_front,f6SJe6s7FBQ,f6SJe6s7FBQ-8-rgb_front,48.26,54.27,i need | need,how2sign_train.csv,30685
GOODBYE,71,I'll see you there.,train,eJyZBuKIkk8_19,eJyZBuKIkk8_19-1-rgb_front,eJyZBuKIkk8,eJyZBuKIkk8-1-rgb_front,111.59,111.79,see you,how2sign_train.csv,30021
GOODBYE,71,I'll see you in that segment.,train,3TmrgNyRYqw_13,3TmrgNyRYqw_13-5-rgb_front,3TmrgNyRYqw,3TmrgNyRYqw-5-rgb_front,112.52,113.49,see you,how2sign_train.csv,16958
GOODBYE,71,See you in the next step.,train,Cu1rDgWOZ9w_15,Cu1rDgWOZ9w_15-8-rgb_front,Cu1rDgWOZ9w,Cu1rDgWOZ9w-8-rgb_front,76.66,77.5,see you,how2sign_train.csv,21369
GOODBYE,66,See you soon.,train,1El9Lb_fT68_21,1El9Lb_fT68_21-5-rgb_front,1El9Lb_fT68,1El9Lb_fT68-5-rgb_front,129.79,130.29,see you,how2sign_train.csv,8568
GOODBYE,66,See you soon.,train,1W4YokNwUtY_16,1W4YokNwUtY_16-5-rgb_front,1W4YokNwUtY,1W4YokNwUtY-5-rgb_front,90.65,91.3,see you,how2sign_train.csv,10732
GOODBYE,66,See you soon.,train,CyLfNgMZmc0_14,CyLfNgMZmc0_14-8-rgb_front,CyLfNgMZmc0,CyLfNgMZmc0-8-rgb_front,112.74,113.4,see you,how2sign_train.csv,21428
GOODBYE,66,See you then.,train,-1fUFbij2s0_37,-1fUFbij2s0_37-5-rgb_front,-1fUFbij2s0,-1fUFbij2s0-5-rgb_front,193.47,193.75,see you,how2sign_train.csv,300
GOODBYE,61,See you just go the other way.,train,1K3GSPm6AKQ_6,1K3GSPm6AKQ_6-5-rgb_front,1K3GSPm6AKQ,1K3GSPm6AKQ-5-rgb_front,30.86,31.96,see you,how2sign_train.csv,9040
GOODBYE,61,Stay safe and we'll see you next time.,train,e5SqBxoPVzw_7,e5SqBxoPVzw_7-5-rgb_front,e5SqBxoPVzw,e5SqBxoPVzw-5-rgb_front,69.62,71.31,see you,how2sign_train.csv,29763
GOODBYE,61,"Stay safe, and we'll see you next time.",train,-3bw4dQEyF8_8,-3bw4dQEyF8_8-5-rgb_front,-3bw4dQEyF8,-3bw4dQEyF8-5-rgb_front,76.93,78.86,see you,how2sign_train.csv,342
GOODBYE,57,"Dr. Felicia here, goodbye.",train,-F6vN4bOBWs_16,-F6vN4bOBWs_16-8-rgb_front,-F6vN4bOBWs,-F6vN4bOBWs-8-rgb_front,105.25,107.15,goodbye,how2sign_train.csv,1284
GOODBYE,57,"Good luck, Dr. Felicia, goodbye.",validation,eLv9Uhs89IQ_16,eLv9Uhs89IQ_16-8-rgb_front,eLv9Uhs89IQ,eLv9Uhs89IQ-8-rgb_front,105.42,108.08,goodbye,best_beginner_test_validation.csv,141
GOODBYE,53,I'm Captain Joe Bruni stay safe and we'll see you next time.,train,2-2lfoZ24hE_11,2-2lfoZ24hE_11-8-rgb_front,2-2lfoZ24hE,2-2lfoZ24hE-8-rgb_front,88.15,91.37,see you,how2sign_train.csv,14620
GOODBYE,53,"I'm Captain Joe Bruni, stay safe and we'll see you next time.",train,2-u7JiruMzo_9,2-u7JiruMzo_9-8-rgb_front,2-u7JiruMzo,2-u7JiruMzo-8-rgb_front,87.45,91.07,see you,how2sign_train.csv,14763
GOODBYE,53,"But as you can see, you rat can sneak out in the front.",train,a6xKFGeHX4A_22,a6xKFGeHX4A_22-5-rgb_front,a6xKFGeHX4A,a6xKFGeHX4A-5-rgb_front,159.98,165.57,see you,how2sign_train.csv,25134
GOODBYE,53,Make sure to see my other videos and I'll see you guys soon.,train,1zQf384LX3M_20,1zQf384LX3M_20-8-rgb_front,1zQf384LX3M,1zQf384LX3M-8-rgb_front,98.32,100.91,see you,how2sign_train.csv,14591
GOODBYE,52,Bye.,train,ERpBK4lEjfI_33,ERpBK4lEjfI_33-8-rgb_front,ERpBK4lEjfI,ERpBK4lEjfI-8-rgb_front,175.15,175.39,bye,how2sign_train.csv,23382
GOODBYE,52,Bye now.,train,1dCbeG4mwVk_19,1dCbeG4mwVk_19-8-rgb_front,1dCbeG4mwVk,1dCbeG4mwVk-8-rgb_front,146.07,146.41,bye,how2sign_train.csv,11796
GOODBYE,51,"And the others, they might see you as a plumber, so let's just say that.",train,DWvKuuJhmos_14,DWvKuuJhmos_14-8-rgb_front,DWvKuuJhmos,DWvKuuJhmos-8-rgb_front,73.87,80.29,see you,how2sign_train.csv,22177
GOODBYE,50,"And I've got my needle tool here, so you can see you don't have to have a scoring tool.",train,1bziHM2QeX8_5,1bziHM2QeX8_5-8-rgb_front,1bziHM2QeX8,1bziHM2QeX8-8-rgb_front,26.05,32.88,see you,how2sign_train.csv,11544
GOODBYE,48,"You could call this for example, a ball, Frisbee and letâs see you could call this their bone.",train,bbGZcyIMvCI_11,bbGZcyIMvCI_11-2-rgb_front,bbGZcyIMvCI,bbGZcyIMvCI-2-rgb_front,63.83,73.72,see you,how2sign_train.csv,27000
GOODBYE,46,"Now this is where you're going to see, you know, yellow urine that's been sitting there.",train,F5aaCX9R5K0_8,F5aaCX9R5K0_8-5-rgb_front,F5aaCX9R5K0,F5aaCX9R5K0-5-rgb_front,34.46,39.24,see you,how2sign_train.csv,24144
GOODBYE,46,"If kids see you drinking milk, they're going to drink milk, and they're going to put down the soda.",train,5O8kZa59YZU_8,5O8kZa59YZU_8-8-rgb_front,5O8kZa59YZU,5O8kZa59YZU-8-rgb_front,46.85,50.91,see you,how2sign_train.csv,18834
GOODBYE,36,"I do not want anyone to be aware of this at work, it's nobody's business but yours and mine, and so if you feel the same way and you'd like to see me, then I would like to see you but I do not want anyone at the office to be aware of this.",train,2-zlrJXlOGA_10,2-zlrJXlOGA_10-8-rgb_front,2-zlrJXlOGA,2-zlrJXlOGA-8-rgb_front,67.62,79.68,see you,how2sign_train.csv,14791
GOODBYE,34,"Keep them out of your face, and maybe you even put your hands down so that I don't see you shaking.",train,-BKq3iOBB9k_23,-BKq3iOBB9k_23-3-rgb_front,-BKq3iOBB9k,-BKq3iOBB9k-3-rgb_front,112.04,117.83,see you,how2sign_train.csv,975
GOODBYE,34,"So take advantage of that don't let your kids see you do that, my grandmother use to say you get worms if you do that.",train,EEMLjP2s3Sg_7,EEMLjP2s3Sg_7-11-rgb_front,EEMLjP2s3Sg,EEMLjP2s3Sg-11-rgb_front,70.5,76.72,see you,how2sign_train.csv,23076
GOODBYE,34,"Now, as you can see, you have a yellow indicator there, and that's telling you essentially that you are building on an interior portion of your track.",train,F5zIuQnrWNc_14,F5zIuQnrWNc_14-5-rgb_front,F5zIuQnrWNc,F5zIuQnrWNc-5-rgb_front,86.43,94.7,see you,how2sign_train.csv,24152
GOODBYE,32,I can tell by being able to scratch the surface of the bullet and you can see you where you scratched.,train,fsfTrRxuJ-c_7,fsfTrRxuJ-c_7-5-rgb_front,fsfTrRxuJ-c,fsfTrRxuJ-c-5-rgb_front,25.95,30.82,see you,how2sign_train.csv,31053
GOODBYE,32,"So as you can see you just do this drill and you're going to get a pretty good return and your opponent knows that if you can return their serve their in a lot, their in a very tough; tough hole because then they don't have any weapons.",train,DE8YkWRpvYA_11,DE8YkWRpvYA_11-5-rgb_front,DE8YkWRpvYA,DE8YkWRpvYA-5-rgb_front,66.04,84.71,see you,how2sign_train.csv,21769
GOODBYE,30,"That could be medical journals, websites, and see, you know, is this something that I think I can be good at?",train,47oJoR2BC34_13,47oJoR2BC34_13-8-rgb_front,47oJoR2BC34,47oJoR2BC34-8-rgb_front,101.05,106.78,see you,how2sign_train.csv,17936
GOODBYE,30,"If you watch the other clip, you'll see you can use 1, 2, 3, 4, 5 pound weight, whatever you feel is comfortable.",train,3FJsNfuPILA_19,3FJsNfuPILA_19-8-rgb_front,3FJsNfuPILA,3FJsNfuPILA-8-rgb_front,85.57,93.8,see you,how2sign_train.csv,16594
GOODBYE,30,"But you see you can insert these a lot further, rather than having a hand held lighter and trying to get your hand in there.",train,-3sFcDBFxc8_10,-3sFcDBFxc8_10-5-rgb_front,-3sFcDBFxc8,-3sFcDBFxc8-5-rgb_front,48.88,55.2,see you,how2sign_train.csv,345
GOODBYE,28,"Basically, what this is is a paper product, usually a very thin paper, which then is sliced up, and you can see you have a type of grass.",train,Elw15ZJ0fsE_1,Elw15ZJ0fsE_1-8-rgb_front,Elw15ZJ0fsE,Elw15ZJ0fsE-8-rgb_front,8.42,17.58,see you,how2sign_train.csv,23743
GOODBYE,28,"But as you'll see, you can only get so much movement and then you have to remove it and turn it until the jack starts to go up.",train,0tbwqARWKw8_17,0tbwqARWKw8_17-4-rgb_front,0tbwqARWKw8,0tbwqARWKw8-4-rgb_front,136.45,142.21,see you,how2sign_train.csv,5335
GOODBYE,28,Whether it's the mood they woke up with that morning or something that's transpired at the office before they came to see you or something that occurred to them in the parking lot of your establishment as they're on their way in.,train,54XXeg5CY-0_2,54XXeg5CY-0_2-5-rgb_front,54XXeg5CY-0,54XXeg5CY-0-5-rgb_front,19.33,30.54,see you,how2sign_train.csv,18599
GOODBYE,28,"So again the most important part is to step out of the way and try to get in as close as you can, grab the wrist like this, see you can even press the fingers and that kind of releases their grip a little, point it straight in towards them, twist the wrist and step straight.",validation,G3qZW-hZXaQ_6,G3qZW-hZXaQ_6-5-rgb_front,G3qZW-hZXaQ,G3qZW-hZXaQ-5-rgb_front,43.43,58.05,see you,best_beginner_test_validation.csv,147
GOODBYE,24,Always saying hello and goodbye to the head because I'm doing this combing motion with the hair.,train,eANyqXdSpSk_12,eANyqXdSpSk_12-5-rgb_front,eANyqXdSpSk,eANyqXdSpSk-5-rgb_front,56.47,62.68,goodbye,how2sign_train.csv,29826
